Training auf Device cuda
Anzahl Episoden: 20000
 Loginterval: 100
 Warmup Steps: 1000
Lade MuJoCo Modell von: /home/elia/LeRobot/SRC/SO-ARM100/Simulation/SO101/scene.xml

Verwende Kamera: 'rgbd_camera' (ID: 0)
[Episode 0] Reward: -37.74 | Step Reward: -0.190|Avg(50): -37.74 | Distance Gripper to Object:  0.148 | Distance Object to Target: 0.200|
Done: False|Global Step: 200|
[Episode 10] Reward: -32.49 | Step Reward: -0.163|Avg(50): -37.66 | Distance Gripper to Object:  0.103 | Distance Object to Target: 0.200|
Done: False|Global Step: 2200|
[Episode 20] Reward: -33.69 | Step Reward: -0.169|Avg(50): -37.31 | Distance Gripper to Object:  0.134 | Distance Object to Target: 0.200|
Done: False|Global Step: 4200|
[Episode 30] Reward: -33.28 | Step Reward: -0.167|Avg(50): -37.10 | Distance Gripper to Object:  0.167 | Distance Object to Target: 0.200|
Done: False|Global Step: 6200|
[Episode 40] Reward: -34.11 | Step Reward: -0.171|Avg(50): -37.11 | Distance Gripper to Object:  0.283 | Distance Object to Target: 0.200|
Done: False|Global Step: 8200|
[Episode 50] Reward: -39.84 | Step Reward: -0.200|Avg(50): -37.26 | Distance Gripper to Object:  0.247 | Distance Object to Target: 0.200|
Done: False|Global Step: 10200|
[Episode 60] Reward: -36.69 | Step Reward: -0.184|Avg(50): -36.83 | Distance Gripper to Object:  0.169 | Distance Object to Target: 0.200|
Done: False|Global Step: 12200|
[Episode 70] Reward: -35.18 | Step Reward: -0.177|Avg(50): -36.50 | Distance Gripper to Object:  0.186 | Distance Object to Target: 0.200|
Done: False|Global Step: 14200|
[Episode 80] Reward: -38.79 | Step Reward: -0.195|Avg(50): -36.21 | Distance Gripper to Object:  0.143 | Distance Object to Target: 0.200|
Done: False|Global Step: 16200|
[Episode 90] Reward: -38.25 | Step Reward: -0.192|Avg(50): -35.90 | Distance Gripper to Object:  0.121 | Distance Object to Target: 0.200|
Done: False|Global Step: 18200|
[Episode 100] Reward: -31.80 | Step Reward: -0.160|Avg(50): -35.40 | Distance Gripper to Object:  0.153 | Distance Object to Target: 0.200|
Done: False|Global Step: 20200|
[Episode 110] Reward: -40.93 | Step Reward: -0.206|Avg(50): -35.39 | Distance Gripper to Object:  0.251 | Distance Object to Target: 0.200|
Done: False|Global Step: 22200|
[Episode 120] Reward: -34.13 | Step Reward: -0.172|Avg(50): -35.05 | Distance Gripper to Object:  0.181 | Distance Object to Target: 0.200|
Done: False|Global Step: 24200|
[Episode 130] Reward: -37.11 | Step Reward: -0.186|Avg(50): -34.77 | Distance Gripper to Object:  0.280 | Distance Object to Target: 0.200|
Done: False|Global Step: 26200|
[Episode 140] Reward: -36.94 | Step Reward: -0.186|Avg(50): -34.45 | Distance Gripper to Object:  0.110 | Distance Object to Target: 0.200|
Done: False|Global Step: 28200|
[Episode 150] Reward: -32.07 | Step Reward: -0.161|Avg(50): -34.46 | Distance Gripper to Object:  0.153 | Distance Object to Target: 0.200|
Done: False|Global Step: 30200|
[Episode 160] Reward: -32.12 | Step Reward: -0.161|Avg(50): -34.32 | Distance Gripper to Object:  0.208 | Distance Object to Target: 0.200|
Done: False|Global Step: 32200|
[Episode 170] Reward: -34.06 | Step Reward: -0.171|Avg(50): -34.40 | Distance Gripper to Object:  0.138 | Distance Object to Target: 0.200|
Done: False|Global Step: 34200|
[Episode 180] Reward: -34.06 | Step Reward: -0.171|Avg(50): -34.39 | Distance Gripper to Object:  0.171 | Distance Object to Target: 0.200|
Done: False|Global Step: 36200|
[Episode 190] Reward: -30.02 | Step Reward: -0.151|Avg(50): -34.34 | Distance Gripper to Object:  0.172 | Distance Object to Target: 0.200|
Done: False|Global Step: 38200|
[Episode 200] Reward: -26.78 | Step Reward: -0.135|Avg(50): -33.74 | Distance Gripper to Object:  0.162 | Distance Object to Target: 0.200|
Done: False|Global Step: 40200|
[Episode 210] Reward: -30.70 | Step Reward: -0.154|Avg(50): -33.72 | Distance Gripper to Object:  0.153 | Distance Object to Target: 0.200|
Done: False|Global Step: 42200|
[Episode 220] Reward: -34.40 | Step Reward: -0.173|Avg(50): -33.76 | Distance Gripper to Object:  0.157 | Distance Object to Target: 0.200|
Done: False|Global Step: 44200|
[Episode 230] Reward: -32.45 | Step Reward: -0.163|Avg(50): -33.58 | Distance Gripper to Object:  0.128 | Distance Object to Target: 0.200|
Done: False|Global Step: 46200|
[Episode 240] Reward: -32.82 | Step Reward: -0.165|Avg(50): -33.28 | Distance Gripper to Object:  0.123 | Distance Object to Target: 0.200|
Done: False|Global Step: 48200|
[Episode 250] Reward: -32.15 | Step Reward: -0.162|Avg(50): -33.12 | Distance Gripper to Object:  0.222 | Distance Object to Target: 0.200|
Done: False|Global Step: 50200|
[Episode 260] Reward: -30.94 | Step Reward: -0.155|Avg(50): -32.47 | Distance Gripper to Object:  0.201 | Distance Object to Target: 0.200|
Done: False|Global Step: 52200|
[Episode 270] Reward: -30.95 | Step Reward: -0.156|Avg(50): -31.83 | Distance Gripper to Object:  0.160 | Distance Object to Target: 0.200|
Done: False|Global Step: 54200|
[Episode 280] Reward: -31.59 | Step Reward: -0.159|Avg(50): -31.26 | Distance Gripper to Object:  0.251 | Distance Object to Target: 0.200|
Done: False|Global Step: 56200|
[Episode 290] Reward: -31.68 | Step Reward: -0.159|Avg(50): -31.15 | Distance Gripper to Object:  0.156 | Distance Object to Target: 0.200|
Done: False|Global Step: 58200|
[Episode 300] Reward: -31.57 | Step Reward: -0.159|Avg(50): -31.05 | Distance Gripper to Object:  0.240 | Distance Object to Target: 0.200|
Done: False|Global Step: 60200|
[Episode 310] Reward: -31.22 | Step Reward: -0.157|Avg(50): -30.96 | Distance Gripper to Object:  0.143 | Distance Object to Target: 0.200|
Done: False|Global Step: 62200|
[Episode 320] Reward: -28.22 | Step Reward: -0.142|Avg(50): -30.86 | Distance Gripper to Object:  0.157 | Distance Object to Target: 0.200|
Done: False|Global Step: 64200|
[Episode 330] Reward: -29.54 | Step Reward: -0.148|Avg(50): -30.93 | Distance Gripper to Object:  0.115 | Distance Object to Target: 0.200|
Done: False|Global Step: 66200|
[Episode 340] Reward: -29.22 | Step Reward: -0.147|Avg(50): -30.66 | Distance Gripper to Object:  0.122 | Distance Object to Target: 0.200|
Done: False|Global Step: 68200|
[Episode 350] Reward: -29.47 | Step Reward: -0.148|Avg(50): -30.54 | Distance Gripper to Object:  0.175 | Distance Object to Target: 0.200|
Done: False|Global Step: 70200|
[Episode 360] Reward: -28.94 | Step Reward: -0.145|Avg(50): -30.65 | Distance Gripper to Object:  0.126 | Distance Object to Target: 0.200|
Done: False|Global Step: 72200|
[Episode 370] Reward: -35.44 | Step Reward: -0.178|Avg(50): -30.40 | Distance Gripper to Object:  0.150 | Distance Object to Target: 0.200|
Done: False|Global Step: 74200|
[Episode 380] Reward: -30.13 | Step Reward: -0.151|Avg(50): -30.38 | Distance Gripper to Object:  0.169 | Distance Object to Target: 0.200|
Done: False|Global Step: 76200|
[Episode 390] Reward: -28.62 | Step Reward: -0.144|Avg(50): -29.96 | Distance Gripper to Object:  0.142 | Distance Object to Target: 0.200|
Done: False|Global Step: 78200|
[Episode 400] Reward: -29.65 | Step Reward: -0.149|Avg(50): -29.87 | Distance Gripper to Object:  0.166 | Distance Object to Target: 0.200|
Done: False|Global Step: 80200|
[Episode 410] Reward: -30.17 | Step Reward: -0.152|Avg(50): -29.80 | Distance Gripper to Object:  0.119 | Distance Object to Target: 0.200|
Done: False|Global Step: 82200|
[Episode 420] Reward: -27.70 | Step Reward: -0.139|Avg(50): -29.71 | Distance Gripper to Object:  0.102 | Distance Object to Target: 0.200|
Done: False|Global Step: 84200|
[Episode 430] Reward: -31.54 | Step Reward: -0.158|Avg(50): -29.64 | Distance Gripper to Object:  0.155 | Distance Object to Target: 0.200|
Done: False|Global Step: 86200|
[Episode 440] Reward: -32.24 | Step Reward: -0.162|Avg(50): -29.98 | Distance Gripper to Object:  0.182 | Distance Object to Target: 0.200|
Done: False|Global Step: 88200|
[Episode 450] Reward: -34.15 | Step Reward: -0.172|Avg(50): -29.79 | Distance Gripper to Object:  0.153 | Distance Object to Target: 0.200|
Done: False|Global Step: 90200|
[Episode 460] Reward: -31.19 | Step Reward: -0.157|Avg(50): -29.60 | Distance Gripper to Object:  0.094 | Distance Object to Target: 0.200|
Done: False|Global Step: 92200|
[Episode 470] Reward: -30.95 | Step Reward: -0.156|Avg(50): -29.78 | Distance Gripper to Object:  0.135 | Distance Object to Target: 0.200|
Done: False|Global Step: 94200|
[Episode 480] Reward: -27.25 | Step Reward: -0.137|Avg(50): -29.97 | Distance Gripper to Object:  0.133 | Distance Object to Target: 0.200|
Done: False|Global Step: 96200|
[Episode 490] Reward: -32.02 | Step Reward: -0.161|Avg(50): -30.11 | Distance Gripper to Object:  0.116 | Distance Object to Target: 0.200|
Done: False|Global Step: 98200|
[Episode 500] Reward: -34.36 | Step Reward: -0.173|Avg(50): -30.30 | Distance Gripper to Object:  0.236 | Distance Object to Target: 0.200|
Done: False|Global Step: 100200|
[Episode 510] Reward: -25.86 | Step Reward: -0.130|Avg(50): -30.11 | Distance Gripper to Object:  0.129 | Distance Object to Target: 0.201|
Done: False|Global Step: 102200|
[Episode 520] Reward: -28.61 | Step Reward: -0.144|Avg(50): -30.07 | Distance Gripper to Object:  0.258 | Distance Object to Target: 0.200|
Done: False|Global Step: 104200|
[Episode 530] Reward: -28.24 | Step Reward: -0.142|Avg(50): -29.66 | Distance Gripper to Object:  0.101 | Distance Object to Target: 0.200|
Done: False|Global Step: 106200|
[Episode 540] Reward: -27.65 | Step Reward: -0.139|Avg(50): -29.30 | Distance Gripper to Object:  0.129 | Distance Object to Target: 0.200|
Done: False|Global Step: 108200|
[Episode 550] Reward: -29.71 | Step Reward: -0.149|Avg(50): -29.19 | Distance Gripper to Object:  0.091 | Distance Object to Target: 0.200|
Done: False|Global Step: 110200|
[Episode 560] Reward: -30.93 | Step Reward: -0.155|Avg(50): -29.25 | Distance Gripper to Object:  0.177 | Distance Object to Target: 0.200|
Done: False|Global Step: 112200|
[Episode 570] Reward: -33.45 | Step Reward: -0.168|Avg(50): -29.45 | Distance Gripper to Object:  0.189 | Distance Object to Target: 0.200|
Done: False|Global Step: 114200|
[Episode 580] Reward: -30.04 | Step Reward: -0.151|Avg(50): -29.66 | Distance Gripper to Object:  0.171 | Distance Object to Target: 0.200|
Done: False|Global Step: 116200|
[Episode 590] Reward: -23.13 | Step Reward: -0.116|Avg(50): -29.60 | Distance Gripper to Object:  0.134 | Distance Object to Target: 0.200|
Done: False|Global Step: 118200|
[Episode 600] Reward: -32.56 | Step Reward: -0.164|Avg(50): -29.57 | Distance Gripper to Object:  0.215 | Distance Object to Target: 0.200|
Done: False|Global Step: 120200|
[Episode 610] Reward: -30.90 | Step Reward: -0.155|Avg(50): -29.54 | Distance Gripper to Object:  0.122 | Distance Object to Target: 0.200|
Done: False|Global Step: 122200|
[Episode 620] Reward: -27.65 | Step Reward: -0.139|Avg(50): -29.41 | Distance Gripper to Object:  0.086 | Distance Object to Target: 0.200|
Done: False|Global Step: 124200|
[Episode 630] Reward: -31.38 | Step Reward: -0.158|Avg(50): -29.27 | Distance Gripper to Object:  0.205 | Distance Object to Target: 0.200|
Done: False|Global Step: 126200|
[Episode 640] Reward: -30.87 | Step Reward: -0.155|Avg(50): -29.30 | Distance Gripper to Object:  0.114 | Distance Object to Target: 0.200|
Done: False|Global Step: 128200|
[Episode 650] Reward: -29.49 | Step Reward: -0.148|Avg(50): -29.46 | Distance Gripper to Object:  0.114 | Distance Object to Target: 0.200|
Done: False|Global Step: 130200|
[Episode 660] Reward: -25.75 | Step Reward: -0.129|Avg(50): -29.35 | Distance Gripper to Object:  0.197 | Distance Object to Target: 0.200|
Done: False|Global Step: 132200|
[Episode 670] Reward: -27.12 | Step Reward: -0.136|Avg(50): -29.37 | Distance Gripper to Object:  0.108 | Distance Object to Target: 0.200|
Done: False|Global Step: 134200|
[Episode 680] Reward: -29.65 | Step Reward: -0.149|Avg(50): -29.28 | Distance Gripper to Object:  0.152 | Distance Object to Target: 0.200|
Done: False|Global Step: 136200|
[Episode 690] Reward: -32.01 | Step Reward: -0.161|Avg(50): -29.50 | Distance Gripper to Object:  0.197 | Distance Object to Target: 0.200|
Done: False|Global Step: 138200|
[Episode 700] Reward: -28.37 | Step Reward: -0.143|Avg(50): -29.11 | Distance Gripper to Object:  0.134 | Distance Object to Target: 0.200|
Done: False|Global Step: 140200|
[Episode 710] Reward: -28.72 | Step Reward: -0.144|Avg(50): -28.97 | Distance Gripper to Object:  0.133 | Distance Object to Target: 0.200|
Done: False|Global Step: 142200|
[Episode 720] Reward: -32.59 | Step Reward: -0.164|Avg(50): -28.83 | Distance Gripper to Object:  0.103 | Distance Object to Target: 0.200|
Done: False|Global Step: 144200|
[Episode 730] Reward: -30.10 | Step Reward: -0.151|Avg(50): -29.09 | Distance Gripper to Object:  0.147 | Distance Object to Target: 0.203|
Done: False|Global Step: 146200|
[Episode 740] Reward: -29.07 | Step Reward: -0.146|Avg(50): -29.02 | Distance Gripper to Object:  0.120 | Distance Object to Target: 0.200|
Done: False|Global Step: 148200|
[Episode 750] Reward: -28.25 | Step Reward: -0.142|Avg(50): -29.11 | Distance Gripper to Object:  0.154 | Distance Object to Target: 0.235|
Done: False|Global Step: 150200|
[Episode 760] Reward: -30.42 | Step Reward: -0.153|Avg(50): -29.61 | Distance Gripper to Object:  0.145 | Distance Object to Target: 0.200|
Done: False|Global Step: 152200|
[Episode 770] Reward: -30.54 | Step Reward: -0.153|Avg(50): -29.66 | Distance Gripper to Object:  0.149 | Distance Object to Target: 0.200|
Done: False|Global Step: 154200|
[Episode 780] Reward: -29.94 | Step Reward: -0.150|Avg(50): -29.52 | Distance Gripper to Object:  0.148 | Distance Object to Target: 0.205|
Done: False|Global Step: 156200|
[Episode 790] Reward: -30.61 | Step Reward: -0.154|Avg(50): -29.38 | Distance Gripper to Object:  0.179 | Distance Object to Target: 0.200|
Done: False|Global Step: 158200|
[Episode 800] Reward: -28.30 | Step Reward: -0.142|Avg(50): -29.21 | Distance Gripper to Object:  0.144 | Distance Object to Target: 0.200|
Done: False|Global Step: 160200|
[Episode 810] Reward: -30.17 | Step Reward: -0.152|Avg(50): -28.74 | Distance Gripper to Object:  0.132 | Distance Object to Target: 0.200|
Done: False|Global Step: 162200|
[Episode 820] Reward: -28.00 | Step Reward: -0.141|Avg(50): -28.94 | Distance Gripper to Object:  0.184 | Distance Object to Target: 0.200|
Done: False|Global Step: 164200|
[Episode 830] Reward: -27.34 | Step Reward: -0.137|Avg(50): -28.99 | Distance Gripper to Object:  0.138 | Distance Object to Target: 0.200|
Done: False|Global Step: 166200|
[Episode 840] Reward: -31.23 | Step Reward: -0.157|Avg(50): -29.35 | Distance Gripper to Object:  0.173 | Distance Object to Target: 0.200|
Done: False|Global Step: 168200|
[Episode 850] Reward: -28.72 | Step Reward: -0.144|Avg(50): -29.58 | Distance Gripper to Object:  0.127 | Distance Object to Target: 0.200|
Done: False|Global Step: 170200|
[Episode 860] Reward: -26.81 | Step Reward: -0.135|Avg(50): -29.68 | Distance Gripper to Object:  0.110 | Distance Object to Target: 0.200|
Done: False|Global Step: 172200|
[Episode 870] Reward: -24.68 | Step Reward: -0.124|Avg(50): -29.07 | Distance Gripper to Object:  0.143 | Distance Object to Target: 0.200|
Done: False|Global Step: 174200|
[Episode 880] Reward: -26.13 | Step Reward: -0.131|Avg(50): -28.88 | Distance Gripper to Object:  0.092 | Distance Object to Target: 0.200|
Done: False|Global Step: 176200|
[Episode 890] Reward: -24.07 | Step Reward: -0.121|Avg(50): -28.51 | Distance Gripper to Object:  0.099 | Distance Object to Target: 0.200|
Done: False|Global Step: 178200|
[Episode 900] Reward: -29.22 | Step Reward: -0.147|Avg(50): -28.39 | Distance Gripper to Object:  0.177 | Distance Object to Target: 0.200|
Done: False|Global Step: 180200|
[Episode 910] Reward: -27.28 | Step Reward: -0.137|Avg(50): -28.40 | Distance Gripper to Object:  0.151 | Distance Object to Target: 0.200|
Done: False|Global Step: 182200|
[Episode 920] Reward: -29.70 | Step Reward: -0.149|Avg(50): -28.64 | Distance Gripper to Object:  0.193 | Distance Object to Target: 0.200|
Done: False|Global Step: 184200|
[Episode 930] Reward: -31.88 | Step Reward: -0.160|Avg(50): -28.97 | Distance Gripper to Object:  0.105 | Distance Object to Target: 0.200|
Done: False|Global Step: 186200|
[Episode 940] Reward: -28.40 | Step Reward: -0.143|Avg(50): -29.05 | Distance Gripper to Object:  0.183 | Distance Object to Target: 0.200|
Done: False|Global Step: 188200|
[Episode 950] Reward: -27.11 | Step Reward: -0.136|Avg(50): -29.15 | Distance Gripper to Object:  0.094 | Distance Object to Target: 0.200|
Done: False|Global Step: 190200|
[Episode 960] Reward: -31.18 | Step Reward: -0.157|Avg(50): -29.14 | Distance Gripper to Object:  0.185 | Distance Object to Target: 0.200|
Done: False|Global Step: 192200|
[Episode 970] Reward: -28.24 | Step Reward: -0.142|Avg(50): -29.17 | Distance Gripper to Object:  0.119 | Distance Object to Target: 0.200|
Done: False|Global Step: 194200|
[Episode 980] Reward: -26.69 | Step Reward: -0.134|Avg(50): -28.91 | Distance Gripper to Object:  0.096 | Distance Object to Target: 0.200|
Done: False|Global Step: 196200|
[Episode 990] Reward: -28.37 | Step Reward: -0.143|Avg(50): -28.86 | Distance Gripper to Object:  0.134 | Distance Object to Target: 0.200|
Done: False|Global Step: 198200|
[Episode 1000] Reward: -28.20 | Step Reward: -0.142|Avg(50): -28.72 | Distance Gripper to Object:  0.129 | Distance Object to Target: 0.200|
Done: False|Global Step: 200200|
[Episode 1010] Reward: -30.79 | Step Reward: -0.155|Avg(50): -28.62 | Distance Gripper to Object:  0.188 | Distance Object to Target: 0.200|
Done: False|Global Step: 202200|
[Episode 1020] Reward: -30.67 | Step Reward: -0.154|Avg(50): -28.89 | Distance Gripper to Object:  0.192 | Distance Object to Target: 0.200|
Done: False|Global Step: 204200|
[Episode 1030] Reward: -34.01 | Step Reward: -0.171|Avg(50): -29.03 | Distance Gripper to Object:  0.168 | Distance Object to Target: 0.200|
Done: False|Global Step: 206200|
[Episode 1040] Reward: -27.02 | Step Reward: -0.136|Avg(50): -28.83 | Distance Gripper to Object:  0.117 | Distance Object to Target: 0.200|
Done: False|Global Step: 208200|
[Episode 1050] Reward: -25.83 | Step Reward: -0.130|Avg(50): -28.91 | Distance Gripper to Object:  0.094 | Distance Object to Target: 0.200|
Done: False|Global Step: 210200|
[Episode 1060] Reward: -28.39 | Step Reward: -0.143|Avg(50): -28.93 | Distance Gripper to Object:  0.121 | Distance Object to Target: 0.200|
Done: False|Global Step: 212200|
[Episode 1070] Reward: -28.36 | Step Reward: -0.142|Avg(50): -28.56 | Distance Gripper to Object:  0.146 | Distance Object to Target: 0.200|
Done: False|Global Step: 214200|
[Episode 1080] Reward: -25.83 | Step Reward: -0.130|Avg(50): -28.24 | Distance Gripper to Object:  0.118 | Distance Object to Target: 0.200|
Done: False|Global Step: 216200|
[Episode 1090] Reward: -28.62 | Step Reward: -0.144|Avg(50): -28.46 | Distance Gripper to Object:  0.073 | Distance Object to Target: 0.200|
Done: False|Global Step: 218200|
[Episode 1100] Reward: -28.05 | Step Reward: -0.141|Avg(50): -28.15 | Distance Gripper to Object:  0.104 | Distance Object to Target: 0.200|
Done: False|Global Step: 220200|
[Episode 1110] Reward: -26.79 | Step Reward: -0.135|Avg(50): -28.03 | Distance Gripper to Object:  0.144 | Distance Object to Target: 0.200|
Done: False|Global Step: 222200|
[Episode 1120] Reward: -26.71 | Step Reward: -0.134|Avg(50): -28.24 | Distance Gripper to Object:  0.135 | Distance Object to Target: 0.201|
Done: False|Global Step: 224200|
[Episode 1130] Reward: -29.74 | Step Reward: -0.149|Avg(50): -28.49 | Distance Gripper to Object:  0.107 | Distance Object to Target: 0.200|
Done: False|Global Step: 226200|
[Episode 1140] Reward: -29.15 | Step Reward: -0.146|Avg(50): -28.32 | Distance Gripper to Object:  0.104 | Distance Object to Target: 0.200|
Done: False|Global Step: 228200|
[Episode 1150] Reward: -30.11 | Step Reward: -0.151|Avg(50): -28.57 | Distance Gripper to Object:  0.239 | Distance Object to Target: 0.200|
Done: False|Global Step: 230200|
[Episode 1160] Reward: -28.69 | Step Reward: -0.144|Avg(50): -28.55 | Distance Gripper to Object:  0.114 | Distance Object to Target: 0.200|
Done: False|Global Step: 232200|
[Episode 1170] Reward: -29.07 | Step Reward: -0.146|Avg(50): -28.42 | Distance Gripper to Object:  0.128 | Distance Object to Target: 0.201|
Done: False|Global Step: 234200|
[Episode 1180] Reward: -25.55 | Step Reward: -0.128|Avg(50): -28.21 | Distance Gripper to Object:  0.152 | Distance Object to Target: 0.200|
Done: False|Global Step: 236200|
[Episode 1190] Reward: -32.60 | Step Reward: -0.164|Avg(50): -28.60 | Distance Gripper to Object:  0.242 | Distance Object to Target: 0.200|
Done: False|Global Step: 238200|
[Episode 1200] Reward: -25.96 | Step Reward: -0.130|Avg(50): -28.44 | Distance Gripper to Object:  0.112 | Distance Object to Target: 0.200|
Done: False|Global Step: 240200|
[Episode 1210] Reward: -25.72 | Step Reward: -0.129|Avg(50): -28.48 | Distance Gripper to Object:  0.140 | Distance Object to Target: 0.200|
Done: False|Global Step: 242200|
[Episode 1220] Reward: -28.18 | Step Reward: -0.142|Avg(50): -28.25 | Distance Gripper to Object:  0.118 | Distance Object to Target: 0.199|
Done: False|Global Step: 244200|
[Episode 1230] Reward: -31.26 | Step Reward: -0.157|Avg(50): -28.55 | Distance Gripper to Object:  0.144 | Distance Object to Target: 0.200|
Done: False|Global Step: 246200|
[Episode 1240] Reward: -29.77 | Step Reward: -0.150|Avg(50): -28.29 | Distance Gripper to Object:  0.092 | Distance Object to Target: 0.200|
Done: False|Global Step: 248200|
[Episode 1250] Reward: -26.32 | Step Reward: -0.132|Avg(50): -28.55 | Distance Gripper to Object:  0.145 | Distance Object to Target: 0.200|
Done: False|Global Step: 250200|
[Episode 1260] Reward: -27.83 | Step Reward: -0.140|Avg(50): -28.84 | Distance Gripper to Object:  0.115 | Distance Object to Target: 0.200|
Done: False|Global Step: 252200|
[Episode 1270] Reward: -29.35 | Step Reward: -0.148|Avg(50): -28.81 | Distance Gripper to Object:  0.150 | Distance Object to Target: 0.200|
Done: False|Global Step: 254200|
[Episode 1280] Reward: -29.52 | Step Reward: -0.148|Avg(50): -28.64 | Distance Gripper to Object:  0.099 | Distance Object to Target: 0.200|
Done: False|Global Step: 256200|
[Episode 1290] Reward: -26.92 | Step Reward: -0.135|Avg(50): -28.51 | Distance Gripper to Object:  0.149 | Distance Object to Target: 0.200|
Done: False|Global Step: 258200|
[Episode 1300] Reward: -28.40 | Step Reward: -0.143|Avg(50): -28.31 | Distance Gripper to Object:  0.162 | Distance Object to Target: 0.200|
Done: False|Global Step: 260200|
[Episode 1310] Reward: -25.93 | Step Reward: -0.130|Avg(50): -28.13 | Distance Gripper to Object:  0.112 | Distance Object to Target: 0.201|
Done: False|Global Step: 262200|
[Episode 1320] Reward: -28.25 | Step Reward: -0.142|Avg(50): -28.50 | Distance Gripper to Object:  0.140 | Distance Object to Target: 0.200|
Done: False|Global Step: 264200|
[Episode 1330] Reward: -23.98 | Step Reward: -0.121|Avg(50): -28.09 | Distance Gripper to Object:  0.115 | Distance Object to Target: 0.200|
Done: False|Global Step: 266200|
[Episode 1340] Reward: -29.36 | Step Reward: -0.148|Avg(50): -28.31 | Distance Gripper to Object:  0.148 | Distance Object to Target: 0.200|
Done: False|Global Step: 268200|
[Episode 1350] Reward: -31.08 | Step Reward: -0.156|Avg(50): -28.36 | Distance Gripper to Object:  0.137 | Distance Object to Target: 0.200|
Done: False|Global Step: 270200|
[Episode 1360] Reward: -30.25 | Step Reward: -0.152|Avg(50): -28.53 | Distance Gripper to Object:  0.145 | Distance Object to Target: 0.200|
Done: False|Global Step: 272200|
[Episode 1370] Reward: -25.27 | Step Reward: -0.127|Avg(50): -28.28 | Distance Gripper to Object:  0.139 | Distance Object to Target: 0.201|
Done: False|Global Step: 274200|
[Episode 1380] Reward: -29.34 | Step Reward: -0.147|Avg(50): -29.01 | Distance Gripper to Object:  0.115 | Distance Object to Target: 0.200|
Done: False|Global Step: 276200|
[Episode 1390] Reward: -29.96 | Step Reward: -0.151|Avg(50): -28.83 | Distance Gripper to Object:  0.145 | Distance Object to Target: 0.200|
Done: False|Global Step: 278200|
[Episode 1400] Reward: -28.76 | Step Reward: -0.145|Avg(50): -28.90 | Distance Gripper to Object:  0.146 | Distance Object to Target: 0.200|
Done: False|Global Step: 280200|
[Episode 1410] Reward: -26.85 | Step Reward: -0.135|Avg(50): -28.65 | Distance Gripper to Object:  0.118 | Distance Object to Target: 0.201|
Done: False|Global Step: 282200|
[Episode 1420] Reward: -32.69 | Step Reward: -0.164|Avg(50): -28.89 | Distance Gripper to Object:  0.253 | Distance Object to Target: 0.200|
Done: False|Global Step: 284200|
[Episode 1430] Reward: -30.55 | Step Reward: -0.154|Avg(50): -28.31 | Distance Gripper to Object:  0.123 | Distance Object to Target: 0.200|
Done: False|Global Step: 286200|
[Episode 1440] Reward: -31.86 | Step Reward: -0.160|Avg(50): -28.31 | Distance Gripper to Object:  0.304 | Distance Object to Target: 0.200|
Done: False|Global Step: 288200|
[Episode 1450] Reward: -29.70 | Step Reward: -0.149|Avg(50): -28.40 | Distance Gripper to Object:  0.102 | Distance Object to Target: 0.200|
Done: False|Global Step: 290200|
[Episode 1460] Reward: -28.10 | Step Reward: -0.141|Avg(50): -28.62 | Distance Gripper to Object:  0.143 | Distance Object to Target: 0.200|
Done: False|Global Step: 292200|
[Episode 1470] Reward: -22.87 | Step Reward: -0.115|Avg(50): -28.33 | Distance Gripper to Object:  0.120 | Distance Object to Target: 0.200|
Done: False|Global Step: 294200|
[Episode 1480] Reward: -28.26 | Step Reward: -0.142|Avg(50): -28.35 | Distance Gripper to Object:  0.148 | Distance Object to Target: 0.200|
Done: False|Global Step: 296200|
[Episode 1490] Reward: -26.64 | Step Reward: -0.134|Avg(50): -28.59 | Distance Gripper to Object:  0.111 | Distance Object to Target: 0.201|
Done: False|Global Step: 298200|
[Episode 1500] Reward: -27.88 | Step Reward: -0.140|Avg(50): -28.59 | Distance Gripper to Object:  0.184 | Distance Object to Target: 0.200|
Done: False|Global Step: 300200|
[Episode 1510] Reward: -29.34 | Step Reward: -0.147|Avg(50): -28.30 | Distance Gripper to Object:  0.110 | Distance Object to Target: 0.200|
Done: False|Global Step: 302200|
[Episode 1520] Reward: -25.71 | Step Reward: -0.129|Avg(50): -28.57 | Distance Gripper to Object:  0.141 | Distance Object to Target: 0.200|
Done: False|Global Step: 304200|
[Episode 1530] Reward: -27.93 | Step Reward: -0.140|Avg(50): -28.65 | Distance Gripper to Object:  0.127 | Distance Object to Target: 0.200|
Done: False|Global Step: 306200|
[Episode 1540] Reward: -31.61 | Step Reward: -0.159|Avg(50): -28.52 | Distance Gripper to Object:  0.131 | Distance Object to Target: 0.200|
Done: False|Global Step: 308200|
[Episode 1550] Reward: -29.65 | Step Reward: -0.149|Avg(50): -28.48 | Distance Gripper to Object:  0.139 | Distance Object to Target: 0.200|
Done: False|Global Step: 310200|
[Episode 1560] Reward: -28.88 | Step Reward: -0.145|Avg(50): -28.57 | Distance Gripper to Object:  0.183 | Distance Object to Target: 0.200|
Done: False|Global Step: 312200|
[Episode 1570] Reward: -28.44 | Step Reward: -0.143|Avg(50): -28.52 | Distance Gripper to Object:  0.201 | Distance Object to Target: 0.200|
Done: False|Global Step: 314200|
[Episode 1580] Reward: -25.83 | Step Reward: -0.130|Avg(50): -28.50 | Distance Gripper to Object:  0.127 | Distance Object to Target: 0.200|
Done: False|Global Step: 316200|
[Episode 1590] Reward: -31.84 | Step Reward: -0.160|Avg(50): -28.50 | Distance Gripper to Object:  0.189 | Distance Object to Target: 0.200|
Done: False|Global Step: 318200|
[Episode 1600] Reward: -29.65 | Step Reward: -0.149|Avg(50): -28.39 | Distance Gripper to Object:  0.121 | Distance Object to Target: 0.199|
Done: False|Global Step: 320200|
[Episode 1610] Reward: -29.06 | Step Reward: -0.146|Avg(50): -28.62 | Distance Gripper to Object:  0.096 | Distance Object to Target: 0.200|
Done: False|Global Step: 322200|
[Episode 1620] Reward: -32.46 | Step Reward: -0.163|Avg(50): -28.51 | Distance Gripper to Object:  0.212 | Distance Object to Target: 0.200|
Done: False|Global Step: 324200|
[Episode 1630] Reward: -29.77 | Step Reward: -0.150|Avg(50): -28.48 | Distance Gripper to Object:  0.115 | Distance Object to Target: 0.200|
Done: False|Global Step: 326200|
[Episode 1640] Reward: -27.31 | Step Reward: -0.137|Avg(50): -28.60 | Distance Gripper to Object:  0.205 | Distance Object to Target: 0.200|
Done: False|Global Step: 328200|
[Episode 1650] Reward: -29.67 | Step Reward: -0.149|Avg(50): -28.74 | Distance Gripper to Object:  0.163 | Distance Object to Target: 0.200|
Done: False|Global Step: 330200|
[Episode 1660] Reward: -31.01 | Step Reward: -0.156|Avg(50): -28.72 | Distance Gripper to Object:  0.119 | Distance Object to Target: 0.200|
Done: False|Global Step: 332200|
[Episode 1670] Reward: -30.08 | Step Reward: -0.151|Avg(50): -28.70 | Distance Gripper to Object:  0.174 | Distance Object to Target: 0.200|
Done: False|Global Step: 334200|
[Episode 1680] Reward: -32.02 | Step Reward: -0.161|Avg(50): -28.67 | Distance Gripper to Object:  0.152 | Distance Object to Target: 0.200|
Done: False|Global Step: 336200|
[Episode 1690] Reward: -29.72 | Step Reward: -0.149|Avg(50): -28.65 | Distance Gripper to Object:  0.093 | Distance Object to Target: 0.200|
Done: False|Global Step: 338200|
[Episode 1700] Reward: -28.50 | Step Reward: -0.143|Avg(50): -28.58 | Distance Gripper to Object:  0.166 | Distance Object to Target: 0.200|
Done: False|Global Step: 340200|
[Episode 1710] Reward: -24.46 | Step Reward: -0.123|Avg(50): -28.32 | Distance Gripper to Object:  0.086 | Distance Object to Target: 0.200|
Done: False|Global Step: 342200|
[Episode 1720] Reward: -28.75 | Step Reward: -0.144|Avg(50): -28.15 | Distance Gripper to Object:  0.169 | Distance Object to Target: 0.200|
Done: False|Global Step: 344200|
[Episode 1730] Reward: -32.41 | Step Reward: -0.163|Avg(50): -28.30 | Distance Gripper to Object:  0.173 | Distance Object to Target: 0.200|
Done: False|Global Step: 346200|
[Episode 1740] Reward: -28.62 | Step Reward: -0.144|Avg(50): -28.08 | Distance Gripper to Object:  0.140 | Distance Object to Target: 0.200|
Done: False|Global Step: 348200|
[Episode 1750] Reward: -27.99 | Step Reward: -0.141|Avg(50): -27.92 | Distance Gripper to Object:  0.152 | Distance Object to Target: 0.200|
Done: False|Global Step: 350200|
[Episode 1760] Reward: -31.39 | Step Reward: -0.158|Avg(50): -28.09 | Distance Gripper to Object:  0.132 | Distance Object to Target: 0.200|
Done: False|Global Step: 352200|
[Episode 1770] Reward: -29.75 | Step Reward: -0.150|Avg(50): -28.42 | Distance Gripper to Object:  0.111 | Distance Object to Target: 0.200|
Done: False|Global Step: 354200|
[Episode 1780] Reward: -30.52 | Step Reward: -0.153|Avg(50): -28.47 | Distance Gripper to Object:  0.220 | Distance Object to Target: 0.200|
Done: False|Global Step: 356200|
[Episode 1790] Reward: -27.82 | Step Reward: -0.140|Avg(50): -28.47 | Distance Gripper to Object:  0.148 | Distance Object to Target: 0.200|
Done: False|Global Step: 358200|
[Episode 1800] Reward: -27.44 | Step Reward: -0.138|Avg(50): -28.68 | Distance Gripper to Object:  0.124 | Distance Object to Target: 0.200|
Done: False|Global Step: 360200|
[Episode 1810] Reward: -30.38 | Step Reward: -0.153|Avg(50): -28.74 | Distance Gripper to Object:  0.130 | Distance Object to Target: 0.200|
Done: False|Global Step: 362200|
[Episode 1820] Reward: -27.20 | Step Reward: -0.137|Avg(50): -28.62 | Distance Gripper to Object:  0.172 | Distance Object to Target: 0.201|
Done: False|Global Step: 364200|
[Episode 1830] Reward: -26.81 | Step Reward: -0.135|Avg(50): -28.61 | Distance Gripper to Object:  0.187 | Distance Object to Target: 0.200|
Done: False|Global Step: 366200|
[Episode 1840] Reward: -33.05 | Step Reward: -0.166|Avg(50): -28.82 | Distance Gripper to Object:  0.124 | Distance Object to Target: 0.200|
Done: False|Global Step: 368200|
[Episode 1850] Reward: -29.88 | Step Reward: -0.150|Avg(50): -28.64 | Distance Gripper to Object:  0.189 | Distance Object to Target: 0.200|
Done: False|Global Step: 370200|
[Episode 1860] Reward: -27.33 | Step Reward: -0.137|Avg(50): -28.54 | Distance Gripper to Object:  0.133 | Distance Object to Target: 0.200|
Done: False|Global Step: 372200|
[Episode 1870] Reward: -28.61 | Step Reward: -0.144|Avg(50): -28.28 | Distance Gripper to Object:  0.126 | Distance Object to Target: 0.216|
Done: False|Global Step: 374200|
[Episode 1880] Reward: -29.57 | Step Reward: -0.149|Avg(50): -28.25 | Distance Gripper to Object:  0.203 | Distance Object to Target: 0.200|
Done: False|Global Step: 376200|
[Episode 1890] Reward: -28.57 | Step Reward: -0.144|Avg(50): -27.88 | Distance Gripper to Object:  0.126 | Distance Object to Target: 0.200|
Done: False|Global Step: 378200|
[Episode 1900] Reward: -30.91 | Step Reward: -0.155|Avg(50): -28.02 | Distance Gripper to Object:  0.130 | Distance Object to Target: 0.200|
Done: False|Global Step: 380200|
[Episode 1910] Reward: -29.21 | Step Reward: -0.147|Avg(50): -27.78 | Distance Gripper to Object:  0.173 | Distance Object to Target: 0.200|
Done: False|Global Step: 382200|
[Episode 1920] Reward: -28.76 | Step Reward: -0.145|Avg(50): -28.03 | Distance Gripper to Object:  0.171 | Distance Object to Target: 0.200|
Done: False|Global Step: 384200|
[Episode 1930] Reward: -30.65 | Step Reward: -0.154|Avg(50): -27.83 | Distance Gripper to Object:  0.110 | Distance Object to Target: 0.200|
Done: False|Global Step: 386200|
[Episode 1940] Reward: -28.47 | Step Reward: -0.143|Avg(50): -27.99 | Distance Gripper to Object:  0.071 | Distance Object to Target: 0.200|
Done: False|Global Step: 388200|
[Episode 1950] Reward: -28.79 | Step Reward: -0.145|Avg(50): -27.67 | Distance Gripper to Object:  0.189 | Distance Object to Target: 0.200|
Done: False|Global Step: 390200|
[Episode 1960] Reward: -24.34 | Step Reward: -0.122|Avg(50): -27.73 | Distance Gripper to Object:  0.110 | Distance Object to Target: 0.200|
Done: False|Global Step: 392200|
[Episode 1970] Reward: -27.81 | Step Reward: -0.140|Avg(50): -27.74 | Distance Gripper to Object:  0.128 | Distance Object to Target: 0.200|
Done: False|Global Step: 394200|
[Episode 1980] Reward: -29.65 | Step Reward: -0.149|Avg(50): -27.93 | Distance Gripper to Object:  0.098 | Distance Object to Target: 0.200|
Done: False|Global Step: 396200|
[Episode 1990] Reward: -29.94 | Step Reward: -0.150|Avg(50): -28.01 | Distance Gripper to Object:  0.162 | Distance Object to Target: 0.200|
Done: False|Global Step: 398200|
[Episode 2000] Reward: -26.67 | Step Reward: -0.134|Avg(50): -28.00 | Distance Gripper to Object:  0.085 | Distance Object to Target: 0.200|
Done: False|Global Step: 400200|
[Episode 2010] Reward: -28.94 | Step Reward: -0.145|Avg(50): -27.92 | Distance Gripper to Object:  0.116 | Distance Object to Target: 0.200|
Done: False|Global Step: 402200|
[Episode 2020] Reward: -27.03 | Step Reward: -0.136|Avg(50): -27.79 | Distance Gripper to Object:  0.150 | Distance Object to Target: 0.200|
Done: False|Global Step: 404200|
[Episode 2030] Reward: -27.82 | Step Reward: -0.140|Avg(50): -27.86 | Distance Gripper to Object:  0.133 | Distance Object to Target: 0.201|
Done: False|Global Step: 406200|
[Episode 2040] Reward: -28.95 | Step Reward: -0.145|Avg(50): -27.80 | Distance Gripper to Object:  0.153 | Distance Object to Target: 0.200|
Done: False|Global Step: 408200|
[Episode 2050] Reward: -30.21 | Step Reward: -0.152|Avg(50): -27.92 | Distance Gripper to Object:  0.155 | Distance Object to Target: 0.200|
Done: False|Global Step: 410200|
[Episode 2060] Reward: -25.13 | Step Reward: -0.126|Avg(50): -28.05 | Distance Gripper to Object:  0.116 | Distance Object to Target: 0.200|
Done: False|Global Step: 412200|
[Episode 2070] Reward: -27.29 | Step Reward: -0.137|Avg(50): -28.15 | Distance Gripper to Object:  0.149 | Distance Object to Target: 0.200|
Done: False|Global Step: 414200|
[Episode 2080] Reward: -27.41 | Step Reward: -0.138|Avg(50): -28.07 | Distance Gripper to Object:  0.108 | Distance Object to Target: 0.200|
Done: False|Global Step: 416200|
[Episode 2090] Reward: -31.37 | Step Reward: -0.158|Avg(50): -28.06 | Distance Gripper to Object:  0.156 | Distance Object to Target: 0.200|
Done: False|Global Step: 418200|
[Episode 2100] Reward: -26.83 | Step Reward: -0.135|Avg(50): -28.17 | Distance Gripper to Object:  0.123 | Distance Object to Target: 0.201|
Done: False|Global Step: 420200|
[Episode 2110] Reward: -26.61 | Step Reward: -0.134|Avg(50): -28.34 | Distance Gripper to Object:  0.144 | Distance Object to Target: 0.202|
Done: False|Global Step: 422200|
[Episode 2120] Reward: -25.40 | Step Reward: -0.128|Avg(50): -28.17 | Distance Gripper to Object:  0.147 | Distance Object to Target: 0.200|
Done: False|Global Step: 424200|
[Episode 2130] Reward: -27.02 | Step Reward: -0.136|Avg(50): -28.05 | Distance Gripper to Object:  0.169 | Distance Object to Target: 0.200|
Done: False|Global Step: 426200|
[Episode 2140] Reward: -33.23 | Step Reward: -0.167|Avg(50): -28.29 | Distance Gripper to Object:  0.219 | Distance Object to Target: 0.200|
Done: False|Global Step: 428200|
[Episode 2150] Reward: -29.13 | Step Reward: -0.146|Avg(50): -28.32 | Distance Gripper to Object:  0.205 | Distance Object to Target: 0.200|
Done: False|Global Step: 430200|
[Episode 2160] Reward: -26.38 | Step Reward: -0.133|Avg(50): -28.08 | Distance Gripper to Object:  0.130 | Distance Object to Target: 0.203|
Done: False|Global Step: 432200|
[Episode 2170] Reward: -30.12 | Step Reward: -0.151|Avg(50): -28.18 | Distance Gripper to Object:  0.159 | Distance Object to Target: 0.200|
Done: False|Global Step: 434200|
[Episode 2180] Reward: -27.23 | Step Reward: -0.137|Avg(50): -28.30 | Distance Gripper to Object:  0.083 | Distance Object to Target: 0.200|
Done: False|Global Step: 436200|
[Episode 2190] Reward: -27.14 | Step Reward: -0.136|Avg(50): -28.18 | Distance Gripper to Object:  0.104 | Distance Object to Target: 0.200|
Done: False|Global Step: 438200|
[Episode 2200] Reward: -28.06 | Step Reward: -0.141|Avg(50): -27.74 | Distance Gripper to Object:  0.114 | Distance Object to Target: 0.200|
Done: False|Global Step: 440200|
[Episode 2210] Reward: -26.74 | Step Reward: -0.134|Avg(50): -28.02 | Distance Gripper to Object:  0.148 | Distance Object to Target: 0.200|
Done: False|Global Step: 442200|
[Episode 2220] Reward: -28.60 | Step Reward: -0.144|Avg(50): -27.82 | Distance Gripper to Object:  0.144 | Distance Object to Target: 0.200|
Done: False|Global Step: 444200|
[Episode 2230] Reward: -29.76 | Step Reward: -0.150|Avg(50): -27.59 | Distance Gripper to Object:  0.118 | Distance Object to Target: 0.200|
Done: False|Global Step: 446200|
[Episode 2240] Reward: -29.97 | Step Reward: -0.151|Avg(50): -27.33 | Distance Gripper to Object:  0.189 | Distance Object to Target: 0.200|
Done: False|Global Step: 448200|
[Episode 2250] Reward: -29.64 | Step Reward: -0.149|Avg(50): -27.63 | Distance Gripper to Object:  0.120 | Distance Object to Target: 0.200|
Done: False|Global Step: 450200|
[Episode 2260] Reward: -23.26 | Step Reward: -0.117|Avg(50): -27.12 | Distance Gripper to Object:  0.065 | Distance Object to Target: 0.205|
Done: False|Global Step: 452200|
[Episode 2270] Reward: -30.06 | Step Reward: -0.151|Avg(50): -27.44 | Distance Gripper to Object:  0.128 | Distance Object to Target: 0.200|
Done: False|Global Step: 454200|
[Episode 2280] Reward: -28.64 | Step Reward: -0.144|Avg(50): -27.57 | Distance Gripper to Object:  0.156 | Distance Object to Target: 0.200|
Done: False|Global Step: 456200|
[Episode 2290] Reward: -28.12 | Step Reward: -0.141|Avg(50): -27.70 | Distance Gripper to Object:  0.091 | Distance Object to Target: 0.200|
Done: False|Global Step: 458200|
[Episode 2300] Reward: -27.67 | Step Reward: -0.139|Avg(50): -27.67 | Distance Gripper to Object:  0.169 | Distance Object to Target: 0.200|
Done: False|Global Step: 460200|
[Episode 2310] Reward: -30.70 | Step Reward: -0.154|Avg(50): -28.01 | Distance Gripper to Object:  0.149 | Distance Object to Target: 0.200|
Done: False|Global Step: 462200|
[Episode 2320] Reward: -23.71 | Step Reward: -0.119|Avg(50): -27.78 | Distance Gripper to Object:  0.158 | Distance Object to Target: 0.203|
Done: False|Global Step: 464200|
[Episode 2330] Reward: -26.11 | Step Reward: -0.131|Avg(50): -27.96 | Distance Gripper to Object:  0.120 | Distance Object to Target: 0.200|
Done: False|Global Step: 466200|
Training auf Device cuda
Anzahl Episoden: 10000
 Loginterval: 100
 Warmup Steps: 1000
Lade MuJoCo Modell von: /home/elia/LeRobot/SRC/SO-ARM100/Simulation/SO101/scene.xml

Verwende Kamera: 'rgbd_camera' (ID: 0)
[Episode 0] Reward: -40.46 | Step Reward: -0.203|Avg(50): -40.46 | Distance Gripper to Object:  0.192 | Distance Object to Target: 0.200|
Done: False|Global Step: 200|
Traceback (most recent call last):
  File "/home/elia/LeRobot/SRC/main.py", line 216, in <module>
    main(
  File "/home/elia/LeRobot/SRC/main.py", line 152, in main
    train_step(ac, ac_target, buffer, BATCH_SIZE, actor_optim=actor_optim, critic_optim=critic_optim, alpha=alpha)
TypeError: train_step() got an unexpected keyword argument 'alpha'
Exception ignored in: <function Renderer.__del__ at 0x76b80f1749a0>
Traceback (most recent call last):
  File "/home/elia/LeRobot/SRC/.venv/lib/python3.12/site-packages/mujoco/renderer.py", line 340, in __del__
    self.close()
  File "/home/elia/LeRobot/SRC/.venv/lib/python3.12/site-packages/mujoco/renderer.py", line 326, in close
    self._gl_context.free()
  File "/home/elia/LeRobot/SRC/.venv/lib/python3.12/site-packages/mujoco/egl/__init__.py", line 131, in free
    EGL.eglMakeCurrent(EGL_DISPLAY, EGL.EGL_NO_SURFACE,
  File "/home/elia/LeRobot/SRC/.venv/lib/python3.12/site-packages/OpenGL/error.py", line 230, in glCheckError
    raise self._errorClass(
OpenGL.raw.EGL._errors.EGLError: <exception str() failed>
Exception ignored in: <function GLContext.__del__ at 0x76b80f174180>
Traceback (most recent call last):
  File "/home/elia/LeRobot/SRC/.venv/lib/python3.12/site-packages/mujoco/egl/__init__.py", line 138, in __del__
    self.free()
  File "/home/elia/LeRobot/SRC/.venv/lib/python3.12/site-packages/mujoco/egl/__init__.py", line 131, in free
    EGL.eglMakeCurrent(EGL_DISPLAY, EGL.EGL_NO_SURFACE,
  File "/home/elia/LeRobot/SRC/.venv/lib/python3.12/site-packages/OpenGL/error.py", line 230, in glCheckError
    raise self._errorClass(
OpenGL.raw.EGL._errors.EGLError: <exception str() failed>
Training auf Device cuda
Anzahl Episoden: 20000
 Loginterval: 100
 Warmup Steps: 1000
Lade MuJoCo Modell von: /home/elia/LeRobot/SRC/SO-ARM100/Simulation/SO101/scene.xml

Verwende Kamera: 'rgbd_camera' (ID: 0)
[Episode 0] Reward: -40.10 | Step Reward: -0.201|Avg(50): -40.10 | Distance Gripper to Object:  0.140 | Distance Object to Target: 0.200|
Done: False|Global Step: 200|
Buffer size: 200
[Episode 10] Reward: -40.10 | Step Reward: -0.201|Avg(50): -40.10 | Distance Gripper to Object:  0.234 | Distance Object to Target: 0.200|
Done: False|Global Step: 2200|
Buffer size: 2200
[Episode 20] Reward: -40.10 | Step Reward: -0.201|Avg(50): -40.10 | Distance Gripper to Object:  0.101 | Distance Object to Target: 0.200|
Done: False|Global Step: 4200|
Buffer size: 4200
[Episode 30] Reward: -40.10 | Step Reward: -0.201|Avg(50): -40.10 | Distance Gripper to Object:  0.210 | Distance Object to Target: 0.200|
Done: False|Global Step: 6200|
Buffer size: 6200
[Episode 40] Reward: -40.10 | Step Reward: -0.201|Avg(50): -40.10 | Distance Gripper to Object:  0.214 | Distance Object to Target: 0.200|
Done: False|Global Step: 8200|
Buffer size: 8200
[Episode 50] Reward: -40.10 | Step Reward: -0.201|Avg(50): -40.10 | Distance Gripper to Object:  0.255 | Distance Object to Target: 0.200|
Done: False|Global Step: 10200|
Buffer size: 10200
[Episode 60] Reward: -40.10 | Step Reward: -0.201|Avg(50): -40.10 | Distance Gripper to Object:  0.190 | Distance Object to Target: 0.200|
Done: False|Global Step: 12200|
Buffer size: 12200
[Episode 70] Reward: -40.10 | Step Reward: -0.201|Avg(50): -40.12 | Distance Gripper to Object:  0.125 | Distance Object to Target: 0.200|
Done: False|Global Step: 14200|
Buffer size: 14200
[Episode 80] Reward: -40.10 | Step Reward: -0.201|Avg(50): -40.12 | Distance Gripper to Object:  0.202 | Distance Object to Target: 0.200|
Done: False|Global Step: 16200|
Buffer size: 16200
[Episode 90] Reward: -40.10 | Step Reward: -0.201|Avg(50): -40.12 | Distance Gripper to Object:  0.098 | Distance Object to Target: 0.200|
Done: False|Global Step: 18200|
Buffer size: 18200
[Episode 100] Reward: -40.10 | Step Reward: -0.201|Avg(50): -40.12 | Distance Gripper to Object:  0.230 | Distance Object to Target: 0.200|
Done: False|Global Step: 20200|
Buffer size: 20200
[Episode 110] Reward: -40.10 | Step Reward: -0.201|Avg(50): -40.12 | Distance Gripper to Object:  0.082 | Distance Object to Target: 0.200|
Done: False|Global Step: 22200|
Buffer size: 22200
[Episode 120] Reward: -40.10 | Step Reward: -0.201|Avg(50): -40.10 | Distance Gripper to Object:  0.219 | Distance Object to Target: 0.200|
Done: False|Global Step: 24200|
Buffer size: 24200
[Episode 130] Reward: -40.10 | Step Reward: -0.201|Avg(50): -40.10 | Distance Gripper to Object:  0.233 | Distance Object to Target: 0.200|
Done: False|Global Step: 26200|
Buffer size: 26200
[Episode 140] Reward: -40.10 | Step Reward: -0.201|Avg(50): -40.10 | Distance Gripper to Object:  0.190 | Distance Object to Target: 0.200|
Done: False|Global Step: 28200|
Buffer size: 28200
[Episode 150] Reward: -40.10 | Step Reward: -0.201|Avg(50): -40.10 | Distance Gripper to Object:  0.134 | Distance Object to Target: 0.200|
Done: False|Global Step: 30200|
Buffer size: 30200
[Episode 160] Reward: -40.10 | Step Reward: -0.201|Avg(50): -40.10 | Distance Gripper to Object:  0.102 | Distance Object to Target: 0.200|
Done: False|Global Step: 32200|
Buffer size: 32200
[Episode 170] Reward: -40.10 | Step Reward: -0.201|Avg(50): -40.10 | Distance Gripper to Object:  0.178 | Distance Object to Target: 0.200|
Done: False|Global Step: 34200|
Buffer size: 34200
[Episode 180] Reward: -40.10 | Step Reward: -0.201|Avg(50): -40.10 | Distance Gripper to Object:  0.145 | Distance Object to Target: 0.200|
Done: False|Global Step: 36200|
Buffer size: 36200
[Episode 190] Reward: -40.10 | Step Reward: -0.201|Avg(50): -40.10 | Distance Gripper to Object:  0.256 | Distance Object to Target: 0.200|
Done: False|Global Step: 38200|
Buffer size: 38200
[Episode 200] Reward: -40.10 | Step Reward: -0.201|Avg(50): -40.10 | Distance Gripper to Object:  0.145 | Distance Object to Target: 0.200|
Done: False|Global Step: 40200|
Buffer size: 40200
[Episode 210] Reward: -40.10 | Step Reward: -0.201|Avg(50): -40.10 | Distance Gripper to Object:  0.138 | Distance Object to Target: 0.200|
Done: False|Global Step: 42200|
Buffer size: 42200
[Episode 220] Reward: -40.10 | Step Reward: -0.201|Avg(50): -40.10 | Distance Gripper to Object:  0.132 | Distance Object to Target: 0.200|
Done: False|Global Step: 44200|
Buffer size: 44200
[Episode 230] Reward: -40.10 | Step Reward: -0.201|Avg(50): -40.10 | Distance Gripper to Object:  0.164 | Distance Object to Target: 0.200|
Done: False|Global Step: 46200|
Buffer size: 46200
[Episode 240] Reward: -40.10 | Step Reward: -0.201|Avg(50): -40.10 | Distance Gripper to Object:  0.217 | Distance Object to Target: 0.200|
Done: False|Global Step: 48200|
Buffer size: 48200
[Episode 250] Reward: -40.10 | Step Reward: -0.201|Avg(50): -40.10 | Distance Gripper to Object:  0.369 | Distance Object to Target: 0.200|
Done: False|Global Step: 50200|
Buffer size: 50200
[Episode 260] Reward: -40.10 | Step Reward: -0.201|Avg(50): -40.10 | Distance Gripper to Object:  0.254 | Distance Object to Target: 0.200|
Done: False|Global Step: 52200|
Buffer size: 52200
[Episode 270] Reward: -40.10 | Step Reward: -0.201|Avg(50): -40.10 | Distance Gripper to Object:  0.117 | Distance Object to Target: 0.200|
Done: False|Global Step: 54200|
Buffer size: 54200
[Episode 280] Reward: -40.10 | Step Reward: -0.201|Avg(50): -40.10 | Distance Gripper to Object:  0.181 | Distance Object to Target: 0.200|
Done: False|Global Step: 56200|
Buffer size: 56200
[Episode 290] Reward: -40.10 | Step Reward: -0.201|Avg(50): -40.10 | Distance Gripper to Object:  0.219 | Distance Object to Target: 0.200|
Done: False|Global Step: 58200|
Buffer size: 58200
[Episode 300] Reward: -40.10 | Step Reward: -0.201|Avg(50): -40.10 | Distance Gripper to Object:  0.284 | Distance Object to Target: 0.200|
Done: False|Global Step: 60200|
Buffer size: 60200
[Episode 310] Reward: -40.10 | Step Reward: -0.201|Avg(50): -40.10 | Distance Gripper to Object:  0.160 | Distance Object to Target: 0.200|
Done: False|Global Step: 62200|
Buffer size: 62200
[Episode 320] Reward: -40.10 | Step Reward: -0.201|Avg(50): -40.10 | Distance Gripper to Object:  0.260 | Distance Object to Target: 0.200|
Done: False|Global Step: 64200|
Buffer size: 64200
[Episode 330] Reward: -40.10 | Step Reward: -0.201|Avg(50): -40.10 | Distance Gripper to Object:  0.145 | Distance Object to Target: 0.200|
Done: False|Global Step: 66200|
Buffer size: 66200
[Episode 340] Reward: -40.10 | Step Reward: -0.201|Avg(50): -40.10 | Distance Gripper to Object:  0.255 | Distance Object to Target: 0.200|
Done: False|Global Step: 68200|
Buffer size: 68200
[Episode 350] Reward: -40.10 | Step Reward: -0.201|Avg(50): -40.09 | Distance Gripper to Object:  0.171 | Distance Object to Target: 0.200|
Done: False|Global Step: 70200|
Buffer size: 70200
[Episode 360] Reward: -40.10 | Step Reward: -0.201|Avg(50): -40.09 | Distance Gripper to Object:  0.166 | Distance Object to Target: 0.200|
Done: False|Global Step: 72200|
Buffer size: 72200
[Episode 370] Reward: -40.10 | Step Reward: -0.201|Avg(50): -40.09 | Distance Gripper to Object:  0.223 | Distance Object to Target: 0.200|
Done: False|Global Step: 74200|
Buffer size: 74200
[Episode 380] Reward: -40.10 | Step Reward: -0.201|Avg(50): -40.09 | Distance Gripper to Object:  0.191 | Distance Object to Target: 0.200|
Done: False|Global Step: 76200|
Buffer size: 76200
[Episode 390] Reward: -40.10 | Step Reward: -0.201|Avg(50): -40.09 | Distance Gripper to Object:  0.175 | Distance Object to Target: 0.200|
Done: False|Global Step: 78200|
Buffer size: 78200
[Episode 400] Reward: -40.10 | Step Reward: -0.201|Avg(50): -40.10 | Distance Gripper to Object:  0.168 | Distance Object to Target: 0.200|
Done: False|Global Step: 80200|
Buffer size: 80200
[Episode 410] Reward: -40.10 | Step Reward: -0.201|Avg(50): -40.10 | Distance Gripper to Object:  0.177 | Distance Object to Target: 0.200|
Done: False|Global Step: 82200|
Training auf Device cuda
Anzahl Episoden: 20000
 Loginterval: 100
 Warmup Steps: 1000
Lade MuJoCo Modell von: /home/elia/LeRobot/SRC/SO-ARM100/Simulation/SO101/scene.xml

Verwende Kamera: 'rgbd_camera' (ID: 0)
[Episode 0] Reward: -40.10 | Step Reward: -0.201|Avg(50): -40.10 | Distance Gripper to Object:  0.142 | Distance Object to Target: 0.200|
Done: False|Global Step: 200|
Buffer size: 200


### Starte Training ###




### Starte Training ###




### Starte Training ###




### Starte Training ###




### Starte Training ###




### Starte Training ###




### Starte Training ###




### Starte Training ###




### Starte Training ###




### Starte Training ###




### Starte Training ###




### Starte Training ###




### Starte Training ###




### Starte Training ###




### Starte Training ###




### Starte Training ###




### Starte Training ###




### Starte Training ###




### Starte Training ###




### Starte Training ###




### Starte Training ###




### Starte Training ###




### Starte Training ###




### Starte Training ###




### Starte Training ###




### Starte Training ###




### Starte Training ###




### Starte Training ###




### Starte Training ###




### Starte Training ###




### Starte Training ###




### Starte Training ###




### Starte Training ###




### Starte Training ###




### Starte Training ###




### Starte Training ###




### Starte Training ###




### Starte Training ###




### Starte Training ###




### Starte Training ###




### Starte Training ###




### Starte Training ###




### Starte Training ###




### Starte Training ###




### Starte Training ###




### Starte Training ###




### Starte Training ###




### Starte Training ###




### Starte Training ###




### Starte Training ###




### Starte Training ###




### Starte Training ###




### Starte Training ###




### Starte Training ###




### Starte Training ###




### Starte Training ###




### Starte Training ###




### Starte Training ###




### Starte Training ###




### Starte Training ###




### Starte Training ###




### Starte Training ###




### Starte Training ###




### Starte Training ###




### Starte Training ###




### Starte Training ###




### Starte Training ###




### Starte Training ###




### Starte Training ###




### Starte Training ###




### Starte Training ###




### Starte Training ###




### Starte Training ###




### Starte Training ###




### Starte Training ###




### Starte Training ###




### Starte Training ###




### Starte Training ###




### Starte Training ###




### Starte Training ###




### Starte Training ###




### Starte Training ###




### Starte Training ###




### Starte Training ###




### Starte Training ###




### Starte Training ###




### Starte Training ###




### Starte Training ###




### Starte Training ###




### Starte Training ###




### Starte Training ###




### Starte Training ###




### Starte Training ###




### Starte Training ###




### Starte Training ###




### Starte Training ###




### Starte Training ###




### Starte Training ###




### Starte Training ###




### Starte Training ###




### Starte Training ###




### Starte Training ###




### Starte Training ###




### Starte Training ###




### Starte Training ###




### Starte Training ###




### Starte Training ###




### Starte Training ###




### Starte Training ###




### Starte Training ###




### Starte Training ###




### Starte Training ###




### Starte Training ###




### Starte Training ###




### Starte Training ###




### Starte Training ###




### Starte Training ###




### Starte Training ###




### Starte Training ###




### Starte Training ###


[Episode 10] Reward: -40.10 | Step Reward: -0.201|Avg(50): -40.10 | Distance Gripper to Object:  0.176 | Distance Object to Target: 0.200|
Done: False|Global Step: 2200|


### Starte Training ###




### Starte Training ###




### Starte Training ###




### Starte Training ###




### Starte Training ###




### Starte Training ###




### Starte Training ###




### Starte Training ###




### Starte Training ###




### Starte Training ###




### Starte Training ###




### Starte Training ###




### Starte Training ###




### Starte Training ###




### Starte Training ###




### Starte Training ###




### Starte Training ###




### Starte Training ###




### Starte Training ###




### Starte Training ###




### Starte Training ###




### Starte Training ###




### Starte Training ###




### Starte Training ###




### Starte Training ###




### Starte Training ###




### Starte Training ###




### Starte Training ###




### Starte Training ###




### Starte Training ###




### Starte Training ###




### Starte Training ###




### Starte Training ###




### Starte Training ###




### Starte Training ###




### Starte Training ###




### Starte Training ###




### Starte Training ###




### Starte Training ###




### Starte Training ###




### Starte Training ###




### Starte Training ###




### Starte Training ###




### Starte Training ###




### Starte Training ###




### Starte Training ###




### Starte Training ###




### Starte Training ###




### Starte Training ###




### Starte Training ###




### Starte Training ###




### Starte Training ###




### Starte Training ###




### Starte Training ###




### Starte Training ###




### Starte Training ###




### Starte Training ###




### Starte Training ###




### Starte Training ###




### Starte Training ###




### Starte Training ###




### Starte Training ###




### Starte Training ###




### Starte Training ###




### Starte Training ###




### Starte Training ###




### Starte Training ###




### Starte Training ###




### Starte Training ###




### Starte Training ###




### Starte Training ###




### Starte Training ###




### Starte Training ###




### Starte Training ###




### Starte Training ###




### Starte Training ###




### Starte Training ###




### Starte Training ###




### Starte Training ###




### Starte Training ###




### Starte Training ###




### Starte Training ###




### Starte Training ###




### Starte Training ###




### Starte Training ###




### Starte Training ###




### Starte Training ###




### Starte Training ###




### Starte Training ###




### Starte Training ###




### Starte Training ###




### Starte Training ###




### Starte Training ###




### Starte Training ###




### Starte Training ###




### Starte Training ###




### Starte Training ###




### Starte Training ###




### Starte Training ###




### Starte Training ###




### Starte Training ###




### Starte Training ###




### Starte Training ###




### Starte Training ###




### Starte Training ###




### Starte Training ###




### Starte Training ###




### Starte Training ###




### Starte Training ###




### Starte Training ###




### Starte Training ###




### Starte Training ###




### Starte Training ###




### Starte Training ###




### Starte Training ###




### Starte Training ###




### Starte Training ###




### Starte Training ###




### Starte Training ###




### Starte Training ###




### Starte Training ###




### Starte Training ###




### Starte Training ###




### Starte Training ###




### Starte Training ###




### Starte Training ###




### Starte Training ###




### Starte Training ###




### Starte Training ###




### Starte Training ###




### Starte Training ###




### Starte Training ###




### Starte Training ###




### Starte Training ###




### Starte Training ###




### Starte Training ###




### Starte Training ###




### Starte Training ###




### Starte Training ###




### Starte Training ###




### Starte Training ###




### Starte Training ###




### Starte Training ###




### Starte Training ###




### Starte Training ###




### Starte Training ###




### Starte Training ###




### Starte Training ###




### Starte Training ###




### Starte Training ###




### Starte Training ###




### Starte Training ###




### Starte Training ###




### Starte Training ###




### Starte Training ###




### Starte Training ###




### Starte Training ###




### Starte Training ###




### Starte Training ###




### Starte Training ###




### Starte Training ###




### Starte Training ###




### Starte Training ###




### Starte Training ###




### Starte Training ###




### Starte Training ###




### Starte Training ###




### Starte Training ###




### Starte Training ###




### Starte Training ###




### Starte Training ###




### Starte Training ###




### Starte Training ###




### Starte Training ###




### Starte Training ###




### Starte Training ###




### Starte Training ###




### Starte Training ###




### Starte Training ###




### Starte Training ###




### Starte Training ###




### Starte Training ###




### Starte Training ###




### Starte Training ###




### Starte Training ###




### Starte Training ###




### Starte Training ###




### Starte Training ###




### Starte Training ###




### Starte Training ###




### Starte Training ###




### Starte Training ###




### Starte Training ###




### Starte Training ###




### Starte Training ###




### Starte Training ###




### Starte Training ###




### Starte Training ###




### Starte Training ###




### Starte Training ###


[Episode 20] Reward: -40.10 | Step Reward: -0.201|Avg(50): -40.10 | Distance Gripper to Object:  0.203 | Distance Object to Target: 0.200|
Done: False|Global Step: 4200|


### Starte Training ###




### Starte Training ###




### Starte Training ###




### Starte Training ###




### Starte Training ###




### Starte Training ###




### Starte Training ###




### Starte Training ###




### Starte Training ###




### Starte Training ###




### Starte Training ###




### Starte Training ###




### Starte Training ###




### Starte Training ###




### Starte Training ###




### Starte Training ###




### Starte Training ###




### Starte Training ###




### Starte Training ###




### Starte Training ###




### Starte Training ###




### Starte Training ###




### Starte Training ###




### Starte Training ###




### Starte Training ###




### Starte Training ###




### Starte Training ###




### Starte Training ###




### Starte Training ###




### Starte Training ###




### Starte Training ###




### Starte Training ###




### Starte Training ###




### Starte Training ###




### Starte Training ###




### Starte Training ###




### Starte Training ###




### Starte Training ###




### Starte Training ###




### Starte Training ###




### Starte Training ###




### Starte Training ###




### Starte Training ###




### Starte Training ###




### Starte Training ###




### Starte Training ###




### Starte Training ###




### Starte Training ###




### Starte Training ###




### Starte Training ###




### Starte Training ###




### Starte Training ###




### Starte Training ###




### Starte Training ###




### Starte Training ###




### Starte Training ###




### Starte Training ###




### Starte Training ###




### Starte Training ###




### Starte Training ###




### Starte Training ###




### Starte Training ###




### Starte Training ###




### Starte Training ###




### Starte Training ###




### Starte Training ###




### Starte Training ###




### Starte Training ###




### Starte Training ###




### Starte Training ###




### Starte Training ###




### Starte Training ###




### Starte Training ###




### Starte Training ###




### Starte Training ###




### Starte Training ###




### Starte Training ###




### Starte Training ###




### Starte Training ###




### Starte Training ###




### Starte Training ###




### Starte Training ###




### Starte Training ###




### Starte Training ###




### Starte Training ###




### Starte Training ###




### Starte Training ###




### Starte Training ###




### Starte Training ###




### Starte Training ###




### Starte Training ###




### Starte Training ###




### Starte Training ###




### Starte Training ###




### Starte Training ###




### Starte Training ###




### Starte Training ###




### Starte Training ###




### Starte Training ###




### Starte Training ###




### Starte Training ###




### Starte Training ###




### Starte Training ###




### Starte Training ###




### Starte Training ###




### Starte Training ###




### Starte Training ###




### Starte Training ###




### Starte Training ###




### Starte Training ###




### Starte Training ###




### Starte Training ###




### Starte Training ###




### Starte Training ###




### Starte Training ###




### Starte Training ###




### Starte Training ###




### Starte Training ###




### Starte Training ###




### Starte Training ###




### Starte Training ###




### Starte Training ###




### Starte Training ###




### Starte Training ###




### Starte Training ###




### Starte Training ###




### Starte Training ###




### Starte Training ###




### Starte Training ###




### Starte Training ###




### Starte Training ###




### Starte Training ###




### Starte Training ###




### Starte Training ###




### Starte Training ###




### Starte Training ###




### Starte Training ###




### Starte Training ###




### Starte Training ###




### Starte Training ###




### Starte Training ###




### Starte Training ###




### Starte Training ###




### Starte Training ###




### Starte Training ###




### Starte Training ###




### Starte Training ###




### Starte Training ###




### Starte Training ###




### Starte Training ###




### Starte Training ###




### Starte Training ###




### Starte Training ###




### Starte Training ###




### Starte Training ###




### Starte Training ###




### Starte Training ###




### Starte Training ###




### Starte Training ###




### Starte Training ###




### Starte Training ###




### Starte Training ###




### Starte Training ###




### Starte Training ###




### Starte Training ###




### Starte Training ###




### Starte Training ###




### Starte Training ###




### Starte Training ###




### Starte Training ###




### Starte Training ###




### Starte Training ###




### Starte Training ###




### Starte Training ###




### Starte Training ###




### Starte Training ###




### Starte Training ###




### Starte Training ###




### Starte Training ###




### Starte Training ###




### Starte Training ###




### Starte Training ###




### Starte Training ###




### Starte Training ###




### Starte Training ###




### Starte Training ###




### Starte Training ###




### Starte Training ###




### Starte Training ###




### Starte Training ###




### Starte Training ###




### Starte Training ###




### Starte Training ###




### Starte Training ###




### Starte Training ###




### Starte Training ###




### Starte Training ###




### Starte Training ###




### Starte Training ###




### Starte Training ###


[Episode 30] Reward: -40.10 | Step Reward: -0.201|Avg(50): -40.10 | Distance Gripper to Object:  0.152 | Distance Object to Target: 0.200|
Done: False|Global Step: 6200|


### Starte Training ###




### Starte Training ###




### Starte Training ###




### Starte Training ###




### Starte Training ###




### Starte Training ###




### Starte Training ###




### Starte Training ###




### Starte Training ###




### Starte Training ###




### Starte Training ###




### Starte Training ###




### Starte Training ###




### Starte Training ###




### Starte Training ###




### Starte Training ###




### Starte Training ###




### Starte Training ###




### Starte Training ###




### Starte Training ###




### Starte Training ###




### Starte Training ###




### Starte Training ###




### Starte Training ###




### Starte Training ###




### Starte Training ###




### Starte Training ###




### Starte Training ###




### Starte Training ###




### Starte Training ###




### Starte Training ###




### Starte Training ###




### Starte Training ###




### Starte Training ###




### Starte Training ###




### Starte Training ###




### Starte Training ###




### Starte Training ###




### Starte Training ###




### Starte Training ###




### Starte Training ###




### Starte Training ###




### Starte Training ###




### Starte Training ###




### Starte Training ###




### Starte Training ###




### Starte Training ###




### Starte Training ###




### Starte Training ###




### Starte Training ###




### Starte Training ###




### Starte Training ###




### Starte Training ###




### Starte Training ###




### Starte Training ###




### Starte Training ###




### Starte Training ###




### Starte Training ###




### Starte Training ###




### Starte Training ###




### Starte Training ###




### Starte Training ###




### Starte Training ###




### Starte Training ###




### Starte Training ###




### Starte Training ###




### Starte Training ###




### Starte Training ###




### Starte Training ###




### Starte Training ###




### Starte Training ###




### Starte Training ###




### Starte Training ###




### Starte Training ###




### Starte Training ###




### Starte Training ###




### Starte Training ###




### Starte Training ###




### Starte Training ###




### Starte Training ###




### Starte Training ###




### Starte Training ###




### Starte Training ###




### Starte Training ###




### Starte Training ###




### Starte Training ###




### Starte Training ###




### Starte Training ###




### Starte Training ###




### Starte Training ###




### Starte Training ###




### Starte Training ###




### Starte Training ###




### Starte Training ###




### Starte Training ###




### Starte Training ###




### Starte Training ###




### Starte Training ###




### Starte Training ###




### Starte Training ###




### Starte Training ###




### Starte Training ###




### Starte Training ###




### Starte Training ###




### Starte Training ###




### Starte Training ###




### Starte Training ###




### Starte Training ###




### Starte Training ###




### Starte Training ###




### Starte Training ###




### Starte Training ###




### Starte Training ###




### Starte Training ###




### Starte Training ###




### Starte Training ###




### Starte Training ###




### Starte Training ###




### Starte Training ###




### Starte Training ###




### Starte Training ###




### Starte Training ###




### Starte Training ###




### Starte Training ###




### Starte Training ###




### Starte Training ###




### Starte Training ###




### Starte Training ###




### Starte Training ###




### Starte Training ###




### Starte Training ###




### Starte Training ###




### Starte Training ###




### Starte Training ###




### Starte Training ###




### Starte Training ###




### Starte Training ###




### Starte Training ###




### Starte Training ###




### Starte Training ###




### Starte Training ###




### Starte Training ###




### Starte Training ###




### Starte Training ###




### Starte Training ###




### Starte Training ###




### Starte Training ###




### Starte Training ###




### Starte Training ###




### Starte Training ###




### Starte Training ###




### Starte Training ###




### Starte Training ###




### Starte Training ###




### Starte Training ###




### Starte Training ###




### Starte Training ###




### Starte Training ###




### Starte Training ###




### Starte Training ###




### Starte Training ###




### Starte Training ###




### Starte Training ###




### Starte Training ###




### Starte Training ###




### Starte Training ###




### Starte Training ###




### Starte Training ###




### Starte Training ###




### Starte Training ###




### Starte Training ###




### Starte Training ###




### Starte Training ###




### Starte Training ###




### Starte Training ###




### Starte Training ###




### Starte Training ###




### Starte Training ###




### Starte Training ###




### Starte Training ###




### Starte Training ###




### Starte Training ###




### Starte Training ###




### Starte Training ###




### Starte Training ###




### Starte Training ###




### Starte Training ###




### Starte Training ###




### Starte Training ###




### Starte Training ###




### Starte Training ###




### Starte Training ###




### Starte Training ###




### Starte Training ###




### Starte Training ###




### Starte Training ###




### Starte Training ###




### Starte Training ###




### Starte Training ###




### Starte Training ###


[Episode 40] Reward: -40.10 | Step Reward: -0.201|Avg(50): -40.10 | Distance Gripper to Object:  0.139 | Distance Object to Target: 0.200|
Done: False|Global Step: 8200|


### Starte Training ###




### Starte Training ###




### Starte Training ###




### Starte Training ###




### Starte Training ###




### Starte Training ###




### Starte Training ###




### Starte Training ###




### Starte Training ###




### Starte Training ###




### Starte Training ###




### Starte Training ###




### Starte Training ###




### Starte Training ###




### Starte Training ###




### Starte Training ###




### Starte Training ###




### Starte Training ###




### Starte Training ###




### Starte Training ###




### Starte Training ###




### Starte Training ###




### Starte Training ###




### Starte Training ###




### Starte Training ###




### Starte Training ###




### Starte Training ###




### Starte Training ###




### Starte Training ###




### Starte Training ###




### Starte Training ###




### Starte Training ###




### Starte Training ###




### Starte Training ###




### Starte Training ###




### Starte Training ###




### Starte Training ###




### Starte Training ###




### Starte Training ###




### Starte Training ###




### Starte Training ###




### Starte Training ###




### Starte Training ###




### Starte Training ###




### Starte Training ###




### Starte Training ###




### Starte Training ###




### Starte Training ###




### Starte Training ###




### Starte Training ###




### Starte Training ###




### Starte Training ###




### Starte Training ###




### Starte Training ###




### Starte Training ###




### Starte Training ###




### Starte Training ###




### Starte Training ###




### Starte Training ###




### Starte Training ###




### Starte Training ###




### Starte Training ###




### Starte Training ###




### Starte Training ###




### Starte Training ###




### Starte Training ###




### Starte Training ###




### Starte Training ###




### Starte Training ###




### Starte Training ###




### Starte Training ###




### Starte Training ###




### Starte Training ###




### Starte Training ###




### Starte Training ###




### Starte Training ###




### Starte Training ###




### Starte Training ###




### Starte Training ###




### Starte Training ###




### Starte Training ###




### Starte Training ###




### Starte Training ###




### Starte Training ###




### Starte Training ###




### Starte Training ###




### Starte Training ###




### Starte Training ###




### Starte Training ###




### Starte Training ###




### Starte Training ###




### Starte Training ###




### Starte Training ###




### Starte Training ###




### Starte Training ###




### Starte Training ###




### Starte Training ###




### Starte Training ###




### Starte Training ###




### Starte Training ###




### Starte Training ###




### Starte Training ###




### Starte Training ###




### Starte Training ###




### Starte Training ###




### Starte Training ###




### Starte Training ###




### Starte Training ###




### Starte Training ###




### Starte Training ###




### Starte Training ###




### Starte Training ###




### Starte Training ###




### Starte Training ###




### Starte Training ###




### Starte Training ###




### Starte Training ###




### Starte Training ###




### Starte Training ###




### Starte Training ###




### Starte Training ###




### Starte Training ###




### Starte Training ###




### Starte Training ###




### Starte Training ###




### Starte Training ###




### Starte Training ###




### Starte Training ###




### Starte Training ###




### Starte Training ###




### Starte Training ###




### Starte Training ###




### Starte Training ###




### Starte Training ###




### Starte Training ###




### Starte Training ###




### Starte Training ###




### Starte Training ###




### Starte Training ###




### Starte Training ###




### Starte Training ###




### Starte Training ###




### Starte Training ###




### Starte Training ###




### Starte Training ###




### Starte Training ###




### Starte Training ###




### Starte Training ###




### Starte Training ###




### Starte Training ###




### Starte Training ###




### Starte Training ###




### Starte Training ###




### Starte Training ###




### Starte Training ###




### Starte Training ###




### Starte Training ###




### Starte Training ###




### Starte Training ###




### Starte Training ###




### Starte Training ###




### Starte Training ###




### Starte Training ###




### Starte Training ###




### Starte Training ###




### Starte Training ###




### Starte Training ###




### Starte Training ###




### Starte Training ###




### Starte Training ###




### Starte Training ###




### Starte Training ###




### Starte Training ###




### Starte Training ###




### Starte Training ###




### Starte Training ###




### Starte Training ###




### Starte Training ###




### Starte Training ###




### Starte Training ###




### Starte Training ###




### Starte Training ###




### Starte Training ###




### Starte Training ###




### Starte Training ###




### Starte Training ###




### Starte Training ###




### Starte Training ###




### Starte Training ###




### Starte Training ###




### Starte Training ###




### Starte Training ###




### Starte Training ###




### Starte Training ###




### Starte Training ###




### Starte Training ###




### Starte Training ###




### Starte Training ###




### Starte Training ###




### Starte Training ###


[Episode 50] Reward: -40.10 | Step Reward: -0.201|Avg(50): -40.10 | Distance Gripper to Object:  0.155 | Distance Object to Target: 0.200|
Done: False|Global Step: 10200|


### Starte Training ###




### Starte Training ###




### Starte Training ###




### Starte Training ###




### Starte Training ###




### Starte Training ###




### Starte Training ###




### Starte Training ###




### Starte Training ###




### Starte Training ###




### Starte Training ###




### Starte Training ###




### Starte Training ###




### Starte Training ###




### Starte Training ###




### Starte Training ###




### Starte Training ###




### Starte Training ###




### Starte Training ###




### Starte Training ###




### Starte Training ###




### Starte Training ###




### Starte Training ###




### Starte Training ###




### Starte Training ###




### Starte Training ###




### Starte Training ###




### Starte Training ###




### Starte Training ###




### Starte Training ###




### Starte Training ###




### Starte Training ###




### Starte Training ###




### Starte Training ###




### Starte Training ###




### Starte Training ###




### Starte Training ###




### Starte Training ###




### Starte Training ###




### Starte Training ###




### Starte Training ###




### Starte Training ###




### Starte Training ###




### Starte Training ###




### Starte Training ###




### Starte Training ###




### Starte Training ###




### Starte Training ###




### Starte Training ###




### Starte Training ###




### Starte Training ###




### Starte Training ###




### Starte Training ###




### Starte Training ###




### Starte Training ###




### Starte Training ###




### Starte Training ###




### Starte Training ###




### Starte Training ###




### Starte Training ###




### Starte Training ###




### Starte Training ###




### Starte Training ###




### Starte Training ###




### Starte Training ###




### Starte Training ###




### Starte Training ###




### Starte Training ###




### Starte Training ###




### Starte Training ###




### Starte Training ###




### Starte Training ###




### Starte Training ###




### Starte Training ###




### Starte Training ###




### Starte Training ###




### Starte Training ###




### Starte Training ###




### Starte Training ###




### Starte Training ###




### Starte Training ###




### Starte Training ###




### Starte Training ###




### Starte Training ###




### Starte Training ###




### Starte Training ###




### Starte Training ###




### Starte Training ###




### Starte Training ###




### Starte Training ###




### Starte Training ###




### Starte Training ###




### Starte Training ###




### Starte Training ###




### Starte Training ###




### Starte Training ###




### Starte Training ###




### Starte Training ###




### Starte Training ###




### Starte Training ###




### Starte Training ###




### Starte Training ###




### Starte Training ###




### Starte Training ###




### Starte Training ###




### Starte Training ###




### Starte Training ###




### Starte Training ###




### Starte Training ###




### Starte Training ###




### Starte Training ###




### Starte Training ###




### Starte Training ###




### Starte Training ###




### Starte Training ###




### Starte Training ###




### Starte Training ###




### Starte Training ###




### Starte Training ###




### Starte Training ###




### Starte Training ###




### Starte Training ###




### Starte Training ###




### Starte Training ###




### Starte Training ###




### Starte Training ###




### Starte Training ###




### Starte Training ###




### Starte Training ###




### Starte Training ###




### Starte Training ###




### Starte Training ###




### Starte Training ###




### Starte Training ###




### Starte Training ###




### Starte Training ###




### Starte Training ###




### Starte Training ###




### Starte Training ###




### Starte Training ###




### Starte Training ###




### Starte Training ###




### Starte Training ###




### Starte Training ###




### Starte Training ###




### Starte Training ###




### Starte Training ###




### Starte Training ###




### Starte Training ###




### Starte Training ###




### Starte Training ###




### Starte Training ###




### Starte Training ###




### Starte Training ###




### Starte Training ###




### Starte Training ###




### Starte Training ###




### Starte Training ###




### Starte Training ###




### Starte Training ###




### Starte Training ###




### Starte Training ###




### Starte Training ###




### Starte Training ###




### Starte Training ###




### Starte Training ###




### Starte Training ###




### Starte Training ###




### Starte Training ###




### Starte Training ###




### Starte Training ###




### Starte Training ###




### Starte Training ###




### Starte Training ###




### Starte Training ###




### Starte Training ###




### Starte Training ###




### Starte Training ###




### Starte Training ###




### Starte Training ###




### Starte Training ###




### Starte Training ###




### Starte Training ###




### Starte Training ###




### Starte Training ###




### Starte Training ###




### Starte Training ###




### Starte Training ###




### Starte Training ###




### Starte Training ###




### Starte Training ###




### Starte Training ###




### Starte Training ###




### Starte Training ###




### Starte Training ###




### Starte Training ###




### Starte Training ###




### Starte Training ###




### Starte Training ###




### Starte Training ###


[Episode 60] Reward: -40.10 | Step Reward: -0.201|Avg(50): -40.10 | Distance Gripper to Object:  0.201 | Distance Object to Target: 0.200|
Done: False|Global Step: 12200|


### Starte Training ###




### Starte Training ###




### Starte Training ###




### Starte Training ###




### Starte Training ###




### Starte Training ###




### Starte Training ###




### Starte Training ###




### Starte Training ###




### Starte Training ###




### Starte Training ###




### Starte Training ###




### Starte Training ###




### Starte Training ###




### Starte Training ###




### Starte Training ###




### Starte Training ###




### Starte Training ###




### Starte Training ###




### Starte Training ###




### Starte Training ###




### Starte Training ###




### Starte Training ###




### Starte Training ###




### Starte Training ###




### Starte Training ###




### Starte Training ###




### Starte Training ###




### Starte Training ###




### Starte Training ###




### Starte Training ###




### Starte Training ###




### Starte Training ###




### Starte Training ###




### Starte Training ###




### Starte Training ###




### Starte Training ###




### Starte Training ###




### Starte Training ###




### Starte Training ###




### Starte Training ###




### Starte Training ###




### Starte Training ###




### Starte Training ###




### Starte Training ###




### Starte Training ###




### Starte Training ###




### Starte Training ###




### Starte Training ###




### Starte Training ###




### Starte Training ###




### Starte Training ###




### Starte Training ###




### Starte Training ###




### Starte Training ###




### Starte Training ###




### Starte Training ###




### Starte Training ###




### Starte Training ###




### Starte Training ###




### Starte Training ###




### Starte Training ###




### Starte Training ###




### Starte Training ###




### Starte Training ###




### Starte Training ###




### Starte Training ###




### Starte Training ###




### Starte Training ###




### Starte Training ###




### Starte Training ###




### Starte Training ###




### Starte Training ###




### Starte Training ###




### Starte Training ###




### Starte Training ###




### Starte Training ###




### Starte Training ###




### Starte Training ###




### Starte Training ###




### Starte Training ###




### Starte Training ###




### Starte Training ###




### Starte Training ###




### Starte Training ###




### Starte Training ###




### Starte Training ###




### Starte Training ###




### Starte Training ###




### Starte Training ###




### Starte Training ###




### Starte Training ###




### Starte Training ###




### Starte Training ###




### Starte Training ###




### Starte Training ###




### Starte Training ###




### Starte Training ###




### Starte Training ###




### Starte Training ###




### Starte Training ###




### Starte Training ###




### Starte Training ###




### Starte Training ###




### Starte Training ###




### Starte Training ###




### Starte Training ###




### Starte Training ###




### Starte Training ###




### Starte Training ###




### Starte Training ###




### Starte Training ###




### Starte Training ###




### Starte Training ###




### Starte Training ###




### Starte Training ###




### Starte Training ###




### Starte Training ###




### Starte Training ###




### Starte Training ###




### Starte Training ###




### Starte Training ###




### Starte Training ###




### Starte Training ###




### Starte Training ###




### Starte Training ###




### Starte Training ###




### Starte Training ###




### Starte Training ###




### Starte Training ###




### Starte Training ###




### Starte Training ###




### Starte Training ###




### Starte Training ###




### Starte Training ###




### Starte Training ###




### Starte Training ###




### Starte Training ###




### Starte Training ###




### Starte Training ###




### Starte Training ###




### Starte Training ###




### Starte Training ###




### Starte Training ###




### Starte Training ###




### Starte Training ###




### Starte Training ###




### Starte Training ###




### Starte Training ###




### Starte Training ###




### Starte Training ###




### Starte Training ###




### Starte Training ###




### Starte Training ###




### Starte Training ###




### Starte Training ###




### Starte Training ###




### Starte Training ###




### Starte Training ###




### Starte Training ###




### Starte Training ###




### Starte Training ###




### Starte Training ###




### Starte Training ###




### Starte Training ###




### Starte Training ###




### Starte Training ###




### Starte Training ###




### Starte Training ###




### Starte Training ###




### Starte Training ###




### Starte Training ###




### Starte Training ###




### Starte Training ###




### Starte Training ###




### Starte Training ###




### Starte Training ###




### Starte Training ###




### Starte Training ###




### Starte Training ###




### Starte Training ###




### Starte Training ###




### Starte Training ###




### Starte Training ###




### Starte Training ###




### Starte Training ###




### Starte Training ###




### Starte Training ###




### Starte Training ###




### Starte Training ###




### Starte Training ###




### Starte Training ###




### Starte Training ###




### Starte Training ###




### Starte Training ###




### Starte Training ###




### Starte Training ###




### Starte Training ###




### Starte Training ###




### Starte Training ###


[Episode 70] Reward: -40.10 | Step Reward: -0.201|Avg(50): -40.10 | Distance Gripper to Object:  0.215 | Distance Object to Target: 0.200|
Done: False|Global Step: 14200|


### Starte Training ###




### Starte Training ###




### Starte Training ###




### Starte Training ###




### Starte Training ###




### Starte Training ###




### Starte Training ###




### Starte Training ###




### Starte Training ###




### Starte Training ###




### Starte Training ###




### Starte Training ###




### Starte Training ###




### Starte Training ###




### Starte Training ###




### Starte Training ###




### Starte Training ###




### Starte Training ###




### Starte Training ###




### Starte Training ###




### Starte Training ###




### Starte Training ###




### Starte Training ###




### Starte Training ###




### Starte Training ###




### Starte Training ###




### Starte Training ###




### Starte Training ###




### Starte Training ###




### Starte Training ###




### Starte Training ###




### Starte Training ###




### Starte Training ###




### Starte Training ###




### Starte Training ###




### Starte Training ###




### Starte Training ###




### Starte Training ###




### Starte Training ###




### Starte Training ###




### Starte Training ###




### Starte Training ###




### Starte Training ###




### Starte Training ###




### Starte Training ###




### Starte Training ###




### Starte Training ###




### Starte Training ###




### Starte Training ###




### Starte Training ###




### Starte Training ###




### Starte Training ###




### Starte Training ###




### Starte Training ###




### Starte Training ###




### Starte Training ###




### Starte Training ###




### Starte Training ###




### Starte Training ###




### Starte Training ###




### Starte Training ###




### Starte Training ###




### Starte Training ###




### Starte Training ###




### Starte Training ###




### Starte Training ###




### Starte Training ###




### Starte Training ###




### Starte Training ###




### Starte Training ###




### Starte Training ###




### Starte Training ###




### Starte Training ###




### Starte Training ###




### Starte Training ###




### Starte Training ###




### Starte Training ###




### Starte Training ###




### Starte Training ###




### Starte Training ###




### Starte Training ###




### Starte Training ###




### Starte Training ###




### Starte Training ###




### Starte Training ###




### Starte Training ###




### Starte Training ###




### Starte Training ###




### Starte Training ###




### Starte Training ###




### Starte Training ###




### Starte Training ###




### Starte Training ###




### Starte Training ###




### Starte Training ###




### Starte Training ###




### Starte Training ###




### Starte Training ###




### Starte Training ###




### Starte Training ###




### Starte Training ###




### Starte Training ###




### Starte Training ###




### Starte Training ###




### Starte Training ###




### Starte Training ###




### Starte Training ###




### Starte Training ###




### Starte Training ###




### Starte Training ###




### Starte Training ###




### Starte Training ###




### Starte Training ###




### Starte Training ###




### Starte Training ###




### Starte Training ###




### Starte Training ###




### Starte Training ###




### Starte Training ###




### Starte Training ###




### Starte Training ###




### Starte Training ###




### Starte Training ###




### Starte Training ###




### Starte Training ###




### Starte Training ###




### Starte Training ###




### Starte Training ###




### Starte Training ###




### Starte Training ###




### Starte Training ###




### Starte Training ###




### Starte Training ###




### Starte Training ###




### Starte Training ###




### Starte Training ###




### Starte Training ###




### Starte Training ###




### Starte Training ###




### Starte Training ###




### Starte Training ###




### Starte Training ###




### Starte Training ###




### Starte Training ###




### Starte Training ###




### Starte Training ###




### Starte Training ###




### Starte Training ###




### Starte Training ###




### Starte Training ###




### Starte Training ###




### Starte Training ###




### Starte Training ###




### Starte Training ###




### Starte Training ###




### Starte Training ###




### Starte Training ###




### Starte Training ###




### Starte Training ###




### Starte Training ###




### Starte Training ###




### Starte Training ###




### Starte Training ###




### Starte Training ###




### Starte Training ###




### Starte Training ###




### Starte Training ###




### Starte Training ###




### Starte Training ###




### Starte Training ###




### Starte Training ###




### Starte Training ###




### Starte Training ###




### Starte Training ###




### Starte Training ###




### Starte Training ###




### Starte Training ###




### Starte Training ###




### Starte Training ###




### Starte Training ###




### Starte Training ###




### Starte Training ###




### Starte Training ###




### Starte Training ###




### Starte Training ###




### Starte Training ###




### Starte Training ###




### Starte Training ###




### Starte Training ###




### Starte Training ###




### Starte Training ###




### Starte Training ###




### Starte Training ###




### Starte Training ###




### Starte Training ###




### Starte Training ###




### Starte Training ###




### Starte Training ###




### Starte Training ###




### Starte Training ###


[Episode 80] Reward: -40.10 | Step Reward: -0.201|Avg(50): -40.10 | Distance Gripper to Object:  0.205 | Distance Object to Target: 0.200|
Done: False|Global Step: 16200|


### Starte Training ###




### Starte Training ###




### Starte Training ###




### Starte Training ###




### Starte Training ###




### Starte Training ###




### Starte Training ###




### Starte Training ###




### Starte Training ###




### Starte Training ###




### Starte Training ###




### Starte Training ###




### Starte Training ###




### Starte Training ###




### Starte Training ###




### Starte Training ###




### Starte Training ###




### Starte Training ###




### Starte Training ###




### Starte Training ###




### Starte Training ###




### Starte Training ###




### Starte Training ###




### Starte Training ###




### Starte Training ###




### Starte Training ###




### Starte Training ###




### Starte Training ###




### Starte Training ###




### Starte Training ###




### Starte Training ###




### Starte Training ###




### Starte Training ###




### Starte Training ###




### Starte Training ###




### Starte Training ###




### Starte Training ###




### Starte Training ###




### Starte Training ###




### Starte Training ###




### Starte Training ###




### Starte Training ###




### Starte Training ###




### Starte Training ###




### Starte Training ###




### Starte Training ###




### Starte Training ###




### Starte Training ###




### Starte Training ###




### Starte Training ###




### Starte Training ###




### Starte Training ###




### Starte Training ###




### Starte Training ###




### Starte Training ###




### Starte Training ###




### Starte Training ###




### Starte Training ###




### Starte Training ###




### Starte Training ###




### Starte Training ###




### Starte Training ###




### Starte Training ###




### Starte Training ###




### Starte Training ###




### Starte Training ###




### Starte Training ###




### Starte Training ###




### Starte Training ###




### Starte Training ###




### Starte Training ###




### Starte Training ###




### Starte Training ###




### Starte Training ###




### Starte Training ###




### Starte Training ###




### Starte Training ###




### Starte Training ###




### Starte Training ###




### Starte Training ###




### Starte Training ###




### Starte Training ###




### Starte Training ###




### Starte Training ###




### Starte Training ###




### Starte Training ###




### Starte Training ###




### Starte Training ###




### Starte Training ###




### Starte Training ###




### Starte Training ###




### Starte Training ###




### Starte Training ###




### Starte Training ###




### Starte Training ###




### Starte Training ###




### Starte Training ###




### Starte Training ###




### Starte Training ###




### Starte Training ###




### Starte Training ###




### Starte Training ###




### Starte Training ###




### Starte Training ###




### Starte Training ###




### Starte Training ###




### Starte Training ###




### Starte Training ###




### Starte Training ###




### Starte Training ###




### Starte Training ###




### Starte Training ###




### Starte Training ###




### Starte Training ###




### Starte Training ###




### Starte Training ###




### Starte Training ###




### Starte Training ###




### Starte Training ###




### Starte Training ###




### Starte Training ###




### Starte Training ###




### Starte Training ###




### Starte Training ###




### Starte Training ###




### Starte Training ###




### Starte Training ###




### Starte Training ###




### Starte Training ###




### Starte Training ###




### Starte Training ###




### Starte Training ###




### Starte Training ###




### Starte Training ###




### Starte Training ###




### Starte Training ###




### Starte Training ###




### Starte Training ###




### Starte Training ###




### Starte Training ###




### Starte Training ###




### Starte Training ###




### Starte Training ###




### Starte Training ###




### Starte Training ###




### Starte Training ###




### Starte Training ###




### Starte Training ###




### Starte Training ###




### Starte Training ###




### Starte Training ###




### Starte Training ###




### Starte Training ###




### Starte Training ###




### Starte Training ###




### Starte Training ###




### Starte Training ###




### Starte Training ###




### Starte Training ###




### Starte Training ###




### Starte Training ###




### Starte Training ###




### Starte Training ###




### Starte Training ###




### Starte Training ###




### Starte Training ###




### Starte Training ###




### Starte Training ###




### Starte Training ###




### Starte Training ###




### Starte Training ###




### Starte Training ###




### Starte Training ###




### Starte Training ###




### Starte Training ###




### Starte Training ###




### Starte Training ###




### Starte Training ###




### Starte Training ###




### Starte Training ###




### Starte Training ###




### Starte Training ###




### Starte Training ###




### Starte Training ###




### Starte Training ###




### Starte Training ###




### Starte Training ###




### Starte Training ###




### Starte Training ###




### Starte Training ###




### Starte Training ###




### Starte Training ###




### Starte Training ###




### Starte Training ###




### Starte Training ###




### Starte Training ###




### Starte Training ###




### Starte Training ###




### Starte Training ###




### Starte Training ###


[Episode 90] Reward: -40.10 | Step Reward: -0.201|Avg(50): -40.10 | Distance Gripper to Object:  0.157 | Distance Object to Target: 0.200|
Done: False|Global Step: 18200|


### Starte Training ###




### Starte Training ###




### Starte Training ###




### Starte Training ###




### Starte Training ###




### Starte Training ###




### Starte Training ###




### Starte Training ###




### Starte Training ###




### Starte Training ###




### Starte Training ###




### Starte Training ###




### Starte Training ###




### Starte Training ###




### Starte Training ###




### Starte Training ###




### Starte Training ###




### Starte Training ###




### Starte Training ###




### Starte Training ###




### Starte Training ###




### Starte Training ###




### Starte Training ###




### Starte Training ###




### Starte Training ###




### Starte Training ###




### Starte Training ###




### Starte Training ###




### Starte Training ###




### Starte Training ###




### Starte Training ###




### Starte Training ###




### Starte Training ###




### Starte Training ###




### Starte Training ###




### Starte Training ###




### Starte Training ###




### Starte Training ###




### Starte Training ###




### Starte Training ###




### Starte Training ###




### Starte Training ###




### Starte Training ###




### Starte Training ###




### Starte Training ###




### Starte Training ###




### Starte Training ###




### Starte Training ###




### Starte Training ###




### Starte Training ###




### Starte Training ###




### Starte Training ###




### Starte Training ###




### Starte Training ###




### Starte Training ###




### Starte Training ###




### Starte Training ###




### Starte Training ###




### Starte Training ###




### Starte Training ###




### Starte Training ###




### Starte Training ###




### Starte Training ###




### Starte Training ###




### Starte Training ###




### Starte Training ###




### Starte Training ###




### Starte Training ###




### Starte Training ###




### Starte Training ###




### Starte Training ###




### Starte Training ###




### Starte Training ###




### Starte Training ###




### Starte Training ###




### Starte Training ###




### Starte Training ###




### Starte Training ###




### Starte Training ###




### Starte Training ###




### Starte Training ###




### Starte Training ###




### Starte Training ###




### Starte Training ###




### Starte Training ###




### Starte Training ###




### Starte Training ###




### Starte Training ###




### Starte Training ###




### Starte Training ###




### Starte Training ###




### Starte Training ###




### Starte Training ###




### Starte Training ###




### Starte Training ###




### Starte Training ###




### Starte Training ###




### Starte Training ###




### Starte Training ###




### Starte Training ###




### Starte Training ###




### Starte Training ###




### Starte Training ###




### Starte Training ###




### Starte Training ###




### Starte Training ###




### Starte Training ###




### Starte Training ###




### Starte Training ###




### Starte Training ###




### Starte Training ###




### Starte Training ###




### Starte Training ###




### Starte Training ###




### Starte Training ###




### Starte Training ###




### Starte Training ###




### Starte Training ###




### Starte Training ###




### Starte Training ###




### Starte Training ###




### Starte Training ###




### Starte Training ###




### Starte Training ###




### Starte Training ###




### Starte Training ###




### Starte Training ###




### Starte Training ###




### Starte Training ###




### Starte Training ###




### Starte Training ###




### Starte Training ###




### Starte Training ###




### Starte Training ###




### Starte Training ###




### Starte Training ###




### Starte Training ###




### Starte Training ###




### Starte Training ###




### Starte Training ###




### Starte Training ###




### Starte Training ###




### Starte Training ###




### Starte Training ###




### Starte Training ###




### Starte Training ###




### Starte Training ###




### Starte Training ###




### Starte Training ###




### Starte Training ###




### Starte Training ###




### Starte Training ###




### Starte Training ###




### Starte Training ###




### Starte Training ###




### Starte Training ###




### Starte Training ###




### Starte Training ###




### Starte Training ###




### Starte Training ###




### Starte Training ###




### Starte Training ###




### Starte Training ###




### Starte Training ###




### Starte Training ###




### Starte Training ###




### Starte Training ###




### Starte Training ###




### Starte Training ###




### Starte Training ###




### Starte Training ###




### Starte Training ###




### Starte Training ###




### Starte Training ###




### Starte Training ###




### Starte Training ###




### Starte Training ###




### Starte Training ###




### Starte Training ###




### Starte Training ###




### Starte Training ###




### Starte Training ###




### Starte Training ###




### Starte Training ###




### Starte Training ###




### Starte Training ###




### Starte Training ###




### Starte Training ###




### Starte Training ###




### Starte Training ###




### Starte Training ###




### Starte Training ###




### Starte Training ###




### Starte Training ###




### Starte Training ###




### Starte Training ###




### Starte Training ###




### Starte Training ###




### Starte Training ###




### Starte Training ###


[Episode 100] Reward: -40.10 | Step Reward: -0.201|Avg(50): -40.10 | Distance Gripper to Object:  0.185 | Distance Object to Target: 0.200|
Done: False|Global Step: 20200|


### Starte Training ###




### Starte Training ###




### Starte Training ###




### Starte Training ###




### Starte Training ###




### Starte Training ###




### Starte Training ###




### Starte Training ###




### Starte Training ###




### Starte Training ###




### Starte Training ###




### Starte Training ###




### Starte Training ###




### Starte Training ###




### Starte Training ###




### Starte Training ###




### Starte Training ###




### Starte Training ###




### Starte Training ###




### Starte Training ###




### Starte Training ###




### Starte Training ###




### Starte Training ###




### Starte Training ###




### Starte Training ###




### Starte Training ###




### Starte Training ###




### Starte Training ###




### Starte Training ###




### Starte Training ###




### Starte Training ###




### Starte Training ###




### Starte Training ###




### Starte Training ###




### Starte Training ###




### Starte Training ###




### Starte Training ###




### Starte Training ###




### Starte Training ###




### Starte Training ###




### Starte Training ###




### Starte Training ###




### Starte Training ###




### Starte Training ###




### Starte Training ###




### Starte Training ###




### Starte Training ###




### Starte Training ###




### Starte Training ###




### Starte Training ###




### Starte Training ###




### Starte Training ###




### Starte Training ###




### Starte Training ###




### Starte Training ###




### Starte Training ###




### Starte Training ###




### Starte Training ###




### Starte Training ###




### Starte Training ###




### Starte Training ###




### Starte Training ###




### Starte Training ###




### Starte Training ###




### Starte Training ###




### Starte Training ###




### Starte Training ###




### Starte Training ###




### Starte Training ###




### Starte Training ###




### Starte Training ###




### Starte Training ###




### Starte Training ###




### Starte Training ###




### Starte Training ###




### Starte Training ###




### Starte Training ###




### Starte Training ###




### Starte Training ###




### Starte Training ###




### Starte Training ###




### Starte Training ###




### Starte Training ###




### Starte Training ###




### Starte Training ###




### Starte Training ###




### Starte Training ###




### Starte Training ###




### Starte Training ###




### Starte Training ###




### Starte Training ###




### Starte Training ###




### Starte Training ###




### Starte Training ###




### Starte Training ###




### Starte Training ###




### Starte Training ###




### Starte Training ###




### Starte Training ###




### Starte Training ###




### Starte Training ###




### Starte Training ###




### Starte Training ###




### Starte Training ###




### Starte Training ###




### Starte Training ###




### Starte Training ###




### Starte Training ###




### Starte Training ###




### Starte Training ###




### Starte Training ###




### Starte Training ###




### Starte Training ###




### Starte Training ###




### Starte Training ###




### Starte Training ###




### Starte Training ###




### Starte Training ###




### Starte Training ###




### Starte Training ###




### Starte Training ###




### Starte Training ###




### Starte Training ###




### Starte Training ###




### Starte Training ###




### Starte Training ###




### Starte Training ###




### Starte Training ###




### Starte Training ###




### Starte Training ###




### Starte Training ###




### Starte Training ###




### Starte Training ###




### Starte Training ###




### Starte Training ###




### Starte Training ###




### Starte Training ###




### Starte Training ###




### Starte Training ###




### Starte Training ###




### Starte Training ###




### Starte Training ###




### Starte Training ###




### Starte Training ###




### Starte Training ###




### Starte Training ###




### Starte Training ###




### Starte Training ###




### Starte Training ###




### Starte Training ###




### Starte Training ###




### Starte Training ###




### Starte Training ###




### Starte Training ###




### Starte Training ###




### Starte Training ###




### Starte Training ###




### Starte Training ###




### Starte Training ###




### Starte Training ###




### Starte Training ###




### Starte Training ###




### Starte Training ###




### Starte Training ###




### Starte Training ###




### Starte Training ###




### Starte Training ###




### Starte Training ###




### Starte Training ###




### Starte Training ###




### Starte Training ###




### Starte Training ###




### Starte Training ###




### Starte Training ###




### Starte Training ###




### Starte Training ###




### Starte Training ###




### Starte Training ###




### Starte Training ###




### Starte Training ###




### Starte Training ###




### Starte Training ###




### Starte Training ###




### Starte Training ###




### Starte Training ###




### Starte Training ###




### Starte Training ###




### Starte Training ###




### Starte Training ###




### Starte Training ###




### Starte Training ###




### Starte Training ###




### Starte Training ###




### Starte Training ###




### Starte Training ###




### Starte Training ###




### Starte Training ###




### Starte Training ###




### Starte Training ###




### Starte Training ###


[Episode 110] Reward: -40.10 | Step Reward: -0.201|Avg(50): -40.10 | Distance Gripper to Object:  0.209 | Distance Object to Target: 0.200|
Done: False|Global Step: 22200|


### Starte Training ###




### Starte Training ###




### Starte Training ###




### Starte Training ###




### Starte Training ###




### Starte Training ###




### Starte Training ###




### Starte Training ###




### Starte Training ###




### Starte Training ###




### Starte Training ###




### Starte Training ###




### Starte Training ###




### Starte Training ###




### Starte Training ###




### Starte Training ###




### Starte Training ###




### Starte Training ###




### Starte Training ###




### Starte Training ###




### Starte Training ###




### Starte Training ###




### Starte Training ###




### Starte Training ###




### Starte Training ###




### Starte Training ###




### Starte Training ###




### Starte Training ###




### Starte Training ###




### Starte Training ###




### Starte Training ###




### Starte Training ###




### Starte Training ###




### Starte Training ###




### Starte Training ###




### Starte Training ###




### Starte Training ###




### Starte Training ###




### Starte Training ###




### Starte Training ###




### Starte Training ###




### Starte Training ###




### Starte Training ###




### Starte Training ###




### Starte Training ###




### Starte Training ###




### Starte Training ###




### Starte Training ###




### Starte Training ###




### Starte Training ###




### Starte Training ###




### Starte Training ###




### Starte Training ###




### Starte Training ###




### Starte Training ###




### Starte Training ###




### Starte Training ###




### Starte Training ###




### Starte Training ###




### Starte Training ###




### Starte Training ###




### Starte Training ###




### Starte Training ###




### Starte Training ###




### Starte Training ###




### Starte Training ###




### Starte Training ###




### Starte Training ###




### Starte Training ###




### Starte Training ###




### Starte Training ###




### Starte Training ###




### Starte Training ###




### Starte Training ###




### Starte Training ###




### Starte Training ###




### Starte Training ###




### Starte Training ###




### Starte Training ###




### Starte Training ###




### Starte Training ###




### Starte Training ###




### Starte Training ###




### Starte Training ###




### Starte Training ###




### Starte Training ###




### Starte Training ###




### Starte Training ###




### Starte Training ###




### Starte Training ###




### Starte Training ###




### Starte Training ###




### Starte Training ###




### Starte Training ###




### Starte Training ###




### Starte Training ###




### Starte Training ###




### Starte Training ###




### Starte Training ###




### Starte Training ###




### Starte Training ###




### Starte Training ###




### Starte Training ###




### Starte Training ###




### Starte Training ###




### Starte Training ###




### Starte Training ###




### Starte Training ###




### Starte Training ###




### Starte Training ###




### Starte Training ###




### Starte Training ###




### Starte Training ###




### Starte Training ###




### Starte Training ###




### Starte Training ###




### Starte Training ###




### Starte Training ###




### Starte Training ###




### Starte Training ###




### Starte Training ###




### Starte Training ###




### Starte Training ###




### Starte Training ###




### Starte Training ###




### Starte Training ###




### Starte Training ###




### Starte Training ###




### Starte Training ###




### Starte Training ###




### Starte Training ###




### Starte Training ###




### Starte Training ###




### Starte Training ###




### Starte Training ###




### Starte Training ###




### Starte Training ###




### Starte Training ###




### Starte Training ###




### Starte Training ###




### Starte Training ###




### Starte Training ###




### Starte Training ###




### Starte Training ###




### Starte Training ###




### Starte Training ###




### Starte Training ###




### Starte Training ###




### Starte Training ###




### Starte Training ###




### Starte Training ###




### Starte Training ###




### Starte Training ###




### Starte Training ###




### Starte Training ###




### Starte Training ###




### Starte Training ###




### Starte Training ###




### Starte Training ###




### Starte Training ###




### Starte Training ###




### Starte Training ###




### Starte Training ###




### Starte Training ###




### Starte Training ###




### Starte Training ###




### Starte Training ###




### Starte Training ###




### Starte Training ###




### Starte Training ###




### Starte Training ###




### Starte Training ###




### Starte Training ###




### Starte Training ###




### Starte Training ###




### Starte Training ###




### Starte Training ###




### Starte Training ###




### Starte Training ###




### Starte Training ###




### Starte Training ###




### Starte Training ###




### Starte Training ###




### Starte Training ###




### Starte Training ###




### Starte Training ###




### Starte Training ###




### Starte Training ###




### Starte Training ###




### Starte Training ###




### Starte Training ###




### Starte Training ###




### Starte Training ###




### Starte Training ###




### Starte Training ###




### Starte Training ###




### Starte Training ###




### Starte Training ###




### Starte Training ###




### Starte Training ###


[Episode 120] Reward: -40.10 | Step Reward: -0.201|Avg(50): -40.10 | Distance Gripper to Object:  0.177 | Distance Object to Target: 0.200|
Done: False|Global Step: 24200|


### Starte Training ###




### Starte Training ###




### Starte Training ###




### Starte Training ###




### Starte Training ###




### Starte Training ###




### Starte Training ###




### Starte Training ###




### Starte Training ###




### Starte Training ###




### Starte Training ###




### Starte Training ###




### Starte Training ###




### Starte Training ###




### Starte Training ###




### Starte Training ###




### Starte Training ###




### Starte Training ###




### Starte Training ###




### Starte Training ###




### Starte Training ###




### Starte Training ###




### Starte Training ###




### Starte Training ###




### Starte Training ###




### Starte Training ###




### Starte Training ###




### Starte Training ###




### Starte Training ###




### Starte Training ###




### Starte Training ###




### Starte Training ###




### Starte Training ###




### Starte Training ###




### Starte Training ###




### Starte Training ###




### Starte Training ###




### Starte Training ###




### Starte Training ###




### Starte Training ###




### Starte Training ###




### Starte Training ###




### Starte Training ###




### Starte Training ###




### Starte Training ###




### Starte Training ###




### Starte Training ###




### Starte Training ###




### Starte Training ###




### Starte Training ###




### Starte Training ###




### Starte Training ###




### Starte Training ###




### Starte Training ###




### Starte Training ###




### Starte Training ###




### Starte Training ###




### Starte Training ###




### Starte Training ###




### Starte Training ###




### Starte Training ###




### Starte Training ###




### Starte Training ###




### Starte Training ###




### Starte Training ###




### Starte Training ###




### Starte Training ###




### Starte Training ###




### Starte Training ###




### Starte Training ###




### Starte Training ###




### Starte Training ###




### Starte Training ###




### Starte Training ###




### Starte Training ###




### Starte Training ###




### Starte Training ###




### Starte Training ###




### Starte Training ###




### Starte Training ###




### Starte Training ###




### Starte Training ###




### Starte Training ###




### Starte Training ###




### Starte Training ###




### Starte Training ###




### Starte Training ###




### Starte Training ###




### Starte Training ###




### Starte Training ###




### Starte Training ###




### Starte Training ###




### Starte Training ###




### Starte Training ###




### Starte Training ###




### Starte Training ###




### Starte Training ###




### Starte Training ###




### Starte Training ###




### Starte Training ###




### Starte Training ###




### Starte Training ###




### Starte Training ###




### Starte Training ###




### Starte Training ###




### Starte Training ###




### Starte Training ###




### Starte Training ###




### Starte Training ###




### Starte Training ###




### Starte Training ###




### Starte Training ###




### Starte Training ###




### Starte Training ###




### Starte Training ###




### Starte Training ###




### Starte Training ###




### Starte Training ###




### Starte Training ###




### Starte Training ###




### Starte Training ###




### Starte Training ###




### Starte Training ###




### Starte Training ###




### Starte Training ###




### Starte Training ###




### Starte Training ###




### Starte Training ###




### Starte Training ###




### Starte Training ###




### Starte Training ###




### Starte Training ###




### Starte Training ###




### Starte Training ###




### Starte Training ###




### Starte Training ###




### Starte Training ###




### Starte Training ###




### Starte Training ###




### Starte Training ###




### Starte Training ###




### Starte Training ###




### Starte Training ###




### Starte Training ###




### Starte Training ###




### Starte Training ###




### Starte Training ###




### Starte Training ###




### Starte Training ###




### Starte Training ###




### Starte Training ###




### Starte Training ###




### Starte Training ###




### Starte Training ###




### Starte Training ###




### Starte Training ###




### Starte Training ###




### Starte Training ###




### Starte Training ###




### Starte Training ###




### Starte Training ###




### Starte Training ###




### Starte Training ###




### Starte Training ###




### Starte Training ###




### Starte Training ###




### Starte Training ###




### Starte Training ###




### Starte Training ###




### Starte Training ###




### Starte Training ###




### Starte Training ###




### Starte Training ###




### Starte Training ###




### Starte Training ###




### Starte Training ###




### Starte Training ###




### Starte Training ###




### Starte Training ###




### Starte Training ###




### Starte Training ###




### Starte Training ###




### Starte Training ###




### Starte Training ###




### Starte Training ###




### Starte Training ###




### Starte Training ###




### Starte Training ###




### Starte Training ###




### Starte Training ###




### Starte Training ###




### Starte Training ###




### Starte Training ###




### Starte Training ###




### Starte Training ###




### Starte Training ###




### Starte Training ###




### Starte Training ###




### Starte Training ###




### Starte Training ###


[Episode 130] Reward: -40.10 | Step Reward: -0.201|Avg(50): -40.10 | Distance Gripper to Object:  0.170 | Distance Object to Target: 0.200|
Done: False|Global Step: 26200|


### Starte Training ###




### Starte Training ###




### Starte Training ###




### Starte Training ###




### Starte Training ###




### Starte Training ###




### Starte Training ###




### Starte Training ###




### Starte Training ###




### Starte Training ###




### Starte Training ###




### Starte Training ###




### Starte Training ###




### Starte Training ###




### Starte Training ###




### Starte Training ###




### Starte Training ###




### Starte Training ###




### Starte Training ###




### Starte Training ###




### Starte Training ###




### Starte Training ###




### Starte Training ###




### Starte Training ###




### Starte Training ###




### Starte Training ###




### Starte Training ###




### Starte Training ###




### Starte Training ###




### Starte Training ###




### Starte Training ###




### Starte Training ###




### Starte Training ###




### Starte Training ###




### Starte Training ###




### Starte Training ###




### Starte Training ###




### Starte Training ###




### Starte Training ###




### Starte Training ###




### Starte Training ###




### Starte Training ###




### Starte Training ###




### Starte Training ###




### Starte Training ###




### Starte Training ###




### Starte Training ###




### Starte Training ###




### Starte Training ###




### Starte Training ###




### Starte Training ###




### Starte Training ###




### Starte Training ###




### Starte Training ###




### Starte Training ###




### Starte Training ###




### Starte Training ###




### Starte Training ###




### Starte Training ###




### Starte Training ###




### Starte Training ###




### Starte Training ###




### Starte Training ###




### Starte Training ###




### Starte Training ###




### Starte Training ###




### Starte Training ###




### Starte Training ###




### Starte Training ###




### Starte Training ###




### Starte Training ###




### Starte Training ###




### Starte Training ###




### Starte Training ###




### Starte Training ###




### Starte Training ###




### Starte Training ###




### Starte Training ###




### Starte Training ###




### Starte Training ###




### Starte Training ###




### Starte Training ###




### Starte Training ###




### Starte Training ###




### Starte Training ###




### Starte Training ###




### Starte Training ###




### Starte Training ###




### Starte Training ###




### Starte Training ###




### Starte Training ###




### Starte Training ###




### Starte Training ###




### Starte Training ###




### Starte Training ###




### Starte Training ###




### Starte Training ###




### Starte Training ###




### Starte Training ###




### Starte Training ###




### Starte Training ###




### Starte Training ###




### Starte Training ###




### Starte Training ###




### Starte Training ###




### Starte Training ###




### Starte Training ###




### Starte Training ###




### Starte Training ###




### Starte Training ###




### Starte Training ###




### Starte Training ###




### Starte Training ###




### Starte Training ###




### Starte Training ###




### Starte Training ###




### Starte Training ###




### Starte Training ###




### Starte Training ###




### Starte Training ###




### Starte Training ###




### Starte Training ###




### Starte Training ###




### Starte Training ###




### Starte Training ###




### Starte Training ###




### Starte Training ###




### Starte Training ###




### Starte Training ###




### Starte Training ###




### Starte Training ###




### Starte Training ###




### Starte Training ###




### Starte Training ###




### Starte Training ###




### Starte Training ###




### Starte Training ###




### Starte Training ###




### Starte Training ###




### Starte Training ###




### Starte Training ###




### Starte Training ###




### Starte Training ###




### Starte Training ###




### Starte Training ###




### Starte Training ###




### Starte Training ###




### Starte Training ###




### Starte Training ###




### Starte Training ###




### Starte Training ###




### Starte Training ###




### Starte Training ###




### Starte Training ###




### Starte Training ###




### Starte Training ###




### Starte Training ###




### Starte Training ###




### Starte Training ###




### Starte Training ###




### Starte Training ###




### Starte Training ###




### Starte Training ###




### Starte Training ###




### Starte Training ###




### Starte Training ###




### Starte Training ###




### Starte Training ###




### Starte Training ###




### Starte Training ###




### Starte Training ###




### Starte Training ###




### Starte Training ###




### Starte Training ###




### Starte Training ###




### Starte Training ###




### Starte Training ###




### Starte Training ###




### Starte Training ###




### Starte Training ###




### Starte Training ###




### Starte Training ###




### Starte Training ###




### Starte Training ###




### Starte Training ###




### Starte Training ###




### Starte Training ###




### Starte Training ###




### Starte Training ###




### Starte Training ###




### Starte Training ###




### Starte Training ###




### Starte Training ###




### Starte Training ###




### Starte Training ###




### Starte Training ###




### Starte Training ###




### Starte Training ###




### Starte Training ###




### Starte Training ###


[Episode 140] Reward: -40.10 | Step Reward: -0.201|Avg(50): -40.10 | Distance Gripper to Object:  0.168 | Distance Object to Target: 0.200|
Done: False|Global Step: 28200|


### Starte Training ###




### Starte Training ###




### Starte Training ###




### Starte Training ###




### Starte Training ###




### Starte Training ###




### Starte Training ###




### Starte Training ###




### Starte Training ###




### Starte Training ###




### Starte Training ###




### Starte Training ###




### Starte Training ###




### Starte Training ###




### Starte Training ###




### Starte Training ###




### Starte Training ###




### Starte Training ###




### Starte Training ###




### Starte Training ###




### Starte Training ###




### Starte Training ###




### Starte Training ###




### Starte Training ###




### Starte Training ###




### Starte Training ###




### Starte Training ###




### Starte Training ###




### Starte Training ###




### Starte Training ###




### Starte Training ###




### Starte Training ###




### Starte Training ###




### Starte Training ###




### Starte Training ###




### Starte Training ###




### Starte Training ###




### Starte Training ###




### Starte Training ###




### Starte Training ###




### Starte Training ###




### Starte Training ###




### Starte Training ###




### Starte Training ###




### Starte Training ###




### Starte Training ###




### Starte Training ###




### Starte Training ###




### Starte Training ###




### Starte Training ###




### Starte Training ###




### Starte Training ###




### Starte Training ###




### Starte Training ###




### Starte Training ###




### Starte Training ###




### Starte Training ###




### Starte Training ###




### Starte Training ###




### Starte Training ###




### Starte Training ###




### Starte Training ###




### Starte Training ###




### Starte Training ###




### Starte Training ###




### Starte Training ###




### Starte Training ###




### Starte Training ###




### Starte Training ###




### Starte Training ###




### Starte Training ###




### Starte Training ###




### Starte Training ###




### Starte Training ###




### Starte Training ###




### Starte Training ###




### Starte Training ###




### Starte Training ###




### Starte Training ###




### Starte Training ###




### Starte Training ###




### Starte Training ###




### Starte Training ###




### Starte Training ###




### Starte Training ###




### Starte Training ###




### Starte Training ###




### Starte Training ###




### Starte Training ###




### Starte Training ###




### Starte Training ###




### Starte Training ###




### Starte Training ###




### Starte Training ###




### Starte Training ###




### Starte Training ###




### Starte Training ###




### Starte Training ###




### Starte Training ###




### Starte Training ###




### Starte Training ###




### Starte Training ###




### Starte Training ###




### Starte Training ###




### Starte Training ###




### Starte Training ###




### Starte Training ###




### Starte Training ###




### Starte Training ###




### Starte Training ###




### Starte Training ###




### Starte Training ###




### Starte Training ###




### Starte Training ###




### Starte Training ###




### Starte Training ###




### Starte Training ###




### Starte Training ###




### Starte Training ###




### Starte Training ###




### Starte Training ###




### Starte Training ###




### Starte Training ###




### Starte Training ###




### Starte Training ###




### Starte Training ###




### Starte Training ###




### Starte Training ###




### Starte Training ###




### Starte Training ###




### Starte Training ###




### Starte Training ###




### Starte Training ###




### Starte Training ###




### Starte Training ###




### Starte Training ###




### Starte Training ###




### Starte Training ###




### Starte Training ###




### Starte Training ###




### Starte Training ###




### Starte Training ###




### Starte Training ###




### Starte Training ###




### Starte Training ###




### Starte Training ###




### Starte Training ###




### Starte Training ###




### Starte Training ###




### Starte Training ###




### Starte Training ###




### Starte Training ###




### Starte Training ###




### Starte Training ###




### Starte Training ###




### Starte Training ###




### Starte Training ###




### Starte Training ###




### Starte Training ###




### Starte Training ###




### Starte Training ###




### Starte Training ###




### Starte Training ###




### Starte Training ###




### Starte Training ###




### Starte Training ###




### Starte Training ###




### Starte Training ###




### Starte Training ###




### Starte Training ###




### Starte Training ###




### Starte Training ###




### Starte Training ###




### Starte Training ###




### Starte Training ###




### Starte Training ###




### Starte Training ###




### Starte Training ###




### Starte Training ###




### Starte Training ###




### Starte Training ###




### Starte Training ###




### Starte Training ###




### Starte Training ###




### Starte Training ###




### Starte Training ###




### Starte Training ###




### Starte Training ###




### Starte Training ###




### Starte Training ###




### Starte Training ###




### Starte Training ###




### Starte Training ###




### Starte Training ###




### Starte Training ###




### Starte Training ###




### Starte Training ###




### Starte Training ###




### Starte Training ###




### Starte Training ###


[Episode 150] Reward: -40.10 | Step Reward: -0.201|Avg(50): -40.10 | Distance Gripper to Object:  0.271 | Distance Object to Target: 0.200|
Done: False|Global Step: 30200|


### Starte Training ###




### Starte Training ###




### Starte Training ###




### Starte Training ###




### Starte Training ###




### Starte Training ###




### Starte Training ###




### Starte Training ###




### Starte Training ###




### Starte Training ###




### Starte Training ###




### Starte Training ###




### Starte Training ###




### Starte Training ###




### Starte Training ###




### Starte Training ###




### Starte Training ###




### Starte Training ###




### Starte Training ###




### Starte Training ###




### Starte Training ###




### Starte Training ###




### Starte Training ###




### Starte Training ###




### Starte Training ###




### Starte Training ###




### Starte Training ###




### Starte Training ###




### Starte Training ###




### Starte Training ###




### Starte Training ###




### Starte Training ###




### Starte Training ###




### Starte Training ###




### Starte Training ###




### Starte Training ###




### Starte Training ###




### Starte Training ###




### Starte Training ###




### Starte Training ###




### Starte Training ###




### Starte Training ###




### Starte Training ###




### Starte Training ###




### Starte Training ###




### Starte Training ###




### Starte Training ###




### Starte Training ###




### Starte Training ###




### Starte Training ###




### Starte Training ###




### Starte Training ###




### Starte Training ###




### Starte Training ###




### Starte Training ###




### Starte Training ###




### Starte Training ###




### Starte Training ###




### Starte Training ###




### Starte Training ###




### Starte Training ###




### Starte Training ###




### Starte Training ###




### Starte Training ###




### Starte Training ###




### Starte Training ###




### Starte Training ###




### Starte Training ###




### Starte Training ###




### Starte Training ###




### Starte Training ###




### Starte Training ###




### Starte Training ###




### Starte Training ###




### Starte Training ###




### Starte Training ###




### Starte Training ###




### Starte Training ###




### Starte Training ###




### Starte Training ###




### Starte Training ###




### Starte Training ###




### Starte Training ###




### Starte Training ###




### Starte Training ###




### Starte Training ###




### Starte Training ###




### Starte Training ###




### Starte Training ###




### Starte Training ###




### Starte Training ###




### Starte Training ###




### Starte Training ###




### Starte Training ###




### Starte Training ###




### Starte Training ###




### Starte Training ###




### Starte Training ###




### Starte Training ###




### Starte Training ###




### Starte Training ###




### Starte Training ###




### Starte Training ###




### Starte Training ###




### Starte Training ###




### Starte Training ###




### Starte Training ###




### Starte Training ###




### Starte Training ###




### Starte Training ###




### Starte Training ###




### Starte Training ###




### Starte Training ###




### Starte Training ###




### Starte Training ###




### Starte Training ###




### Starte Training ###




### Starte Training ###




### Starte Training ###




### Starte Training ###




### Starte Training ###




### Starte Training ###




### Starte Training ###




### Starte Training ###




### Starte Training ###




### Starte Training ###




### Starte Training ###




### Starte Training ###




### Starte Training ###




### Starte Training ###




### Starte Training ###




### Starte Training ###




### Starte Training ###




### Starte Training ###




### Starte Training ###




### Starte Training ###




### Starte Training ###




### Starte Training ###




### Starte Training ###




### Starte Training ###




### Starte Training ###




### Starte Training ###




### Starte Training ###




### Starte Training ###




### Starte Training ###




### Starte Training ###




### Starte Training ###




### Starte Training ###




### Starte Training ###




### Starte Training ###




### Starte Training ###




### Starte Training ###




### Starte Training ###




### Starte Training ###




### Starte Training ###




### Starte Training ###




### Starte Training ###




### Starte Training ###




### Starte Training ###




### Starte Training ###




### Starte Training ###




### Starte Training ###




### Starte Training ###




### Starte Training ###




### Starte Training ###




### Starte Training ###




### Starte Training ###




### Starte Training ###




### Starte Training ###




### Starte Training ###




### Starte Training ###




### Starte Training ###




### Starte Training ###




### Starte Training ###




### Starte Training ###




### Starte Training ###




### Starte Training ###




### Starte Training ###




### Starte Training ###




### Starte Training ###




### Starte Training ###




### Starte Training ###




### Starte Training ###




### Starte Training ###


Training auf Device cuda
Anzahl Episoden: 20000
 Loginterval: 100
 Warmup Steps: 1000
Lade MuJoCo Modell von: /home/elia/LeRobot/SRC/SO-ARM100/Simulation/SO101/scene.xml

Verwende Kamera: 'rgbd_camera' (ID: 0)
[Episode 0] Reward: -40.10 | Step Reward: -0.201|Avg(50): -40.10 | Distance Gripper to Object:  0.085 | Distance Object to Target: 0.201|
Done: False|Global Step: 200|
[Episode 10] Reward: -40.10 | Step Reward: -0.201|Avg(50): -40.10 | Distance Gripper to Object:  0.147 | Distance Object to Target: 0.200|
Done: False|Global Step: 2200|
[Episode 20] Reward: -40.10 | Step Reward: -0.201|Avg(50): -40.10 | Distance Gripper to Object:  0.138 | Distance Object to Target: 0.200|
Done: False|Global Step: 4200|
[Episode 30] Reward: -40.10 | Step Reward: -0.201|Avg(50): -40.10 | Distance Gripper to Object:  0.107 | Distance Object to Target: 0.200|
Done: False|Global Step: 6200|
[Episode 40] Reward: -40.10 | Step Reward: -0.201|Avg(50): -40.10 | Distance Gripper to Object:  0.170 | Distance Object to Target: 0.200|
Done: False|Global Step: 8200|
[Episode 50] Reward: -40.10 | Step Reward: -0.201|Avg(50): -40.10 | Distance Gripper to Object:  0.124 | Distance Object to Target: 0.200|
Done: False|Global Step: 10200|
[Episode 60] Reward: -40.10 | Step Reward: -0.201|Avg(50): -40.10 | Distance Gripper to Object:  0.128 | Distance Object to Target: 0.200|
Done: False|Global Step: 12200|
[Episode 70] Reward: -40.10 | Step Reward: -0.201|Avg(50): -40.10 | Distance Gripper to Object:  0.177 | Distance Object to Target: 0.200|
Done: False|Global Step: 14200|
[Episode 80] Reward: -40.10 | Step Reward: -0.201|Avg(50): -40.10 | Distance Gripper to Object:  0.171 | Distance Object to Target: 0.200|
Done: False|Global Step: 16200|
[Episode 90] Reward: -40.10 | Step Reward: -0.201|Avg(50): -40.10 | Distance Gripper to Object:  0.182 | Distance Object to Target: 0.200|
Done: False|Global Step: 18200|
[Episode 100] Reward: -40.10 | Step Reward: -0.201|Avg(50): -40.10 | Distance Gripper to Object:  0.155 | Distance Object to Target: 0.200|
Done: False|Global Step: 20200|
[Episode 110] Reward: -40.10 | Step Reward: -0.201|Avg(50): -40.10 | Distance Gripper to Object:  0.142 | Distance Object to Target: 0.200|
Done: False|Global Step: 22200|
[Episode 120] Reward: -40.10 | Step Reward: -0.201|Avg(50): -40.10 | Distance Gripper to Object:  0.127 | Distance Object to Target: 0.200|
Done: False|Global Step: 24200|
[Episode 130] Reward: -40.10 | Step Reward: -0.201|Avg(50): -40.10 | Distance Gripper to Object:  0.198 | Distance Object to Target: 0.200|
Done: False|Global Step: 26200|
[Episode 140] Reward: -40.10 | Step Reward: -0.201|Avg(50): -40.10 | Distance Gripper to Object:  0.097 | Distance Object to Target: 0.200|
Done: False|Global Step: 28200|
[Episode 150] Reward: -40.10 | Step Reward: -0.201|Avg(50): -40.10 | Distance Gripper to Object:  0.113 | Distance Object to Target: 0.200|
Done: False|Global Step: 30200|
[Episode 160] Reward: -40.10 | Step Reward: -0.201|Avg(50): -40.10 | Distance Gripper to Object:  0.152 | Distance Object to Target: 0.200|
Done: False|Global Step: 32200|
[Episode 170] Reward: -40.10 | Step Reward: -0.201|Avg(50): -40.10 | Distance Gripper to Object:  0.208 | Distance Object to Target: 0.200|
Done: False|Global Step: 34200|
[Episode 180] Reward: -40.10 | Step Reward: -0.201|Avg(50): -40.10 | Distance Gripper to Object:  0.134 | Distance Object to Target: 0.200|
Done: False|Global Step: 36200|
[Episode 190] Reward: -40.10 | Step Reward: -0.201|Avg(50): -40.10 | Distance Gripper to Object:  0.162 | Distance Object to Target: 0.200|
Done: False|Global Step: 38200|
[Episode 200] Reward: -40.10 | Step Reward: -0.201|Avg(50): -40.10 | Distance Gripper to Object:  0.095 | Distance Object to Target: 0.200|
Done: False|Global Step: 40200|
[Episode 210] Reward: -40.10 | Step Reward: -0.201|Avg(50): -40.10 | Distance Gripper to Object:  0.127 | Distance Object to Target: 0.200|
Done: False|Global Step: 42200|
[Episode 220] Reward: -40.10 | Step Reward: -0.201|Avg(50): -40.10 | Distance Gripper to Object:  0.133 | Distance Object to Target: 0.200|
Done: False|Global Step: 44200|
[Episode 230] Reward: -40.10 | Step Reward: -0.201|Avg(50): -40.10 | Distance Gripper to Object:  0.179 | Distance Object to Target: 0.200|
Done: False|Global Step: 46200|
[Episode 240] Reward: -40.10 | Step Reward: -0.201|Avg(50): -40.10 | Distance Gripper to Object:  0.299 | Distance Object to Target: 0.200|
Done: False|Global Step: 48200|
[Episode 250] Reward: -40.10 | Step Reward: -0.201|Avg(50): -40.10 | Distance Gripper to Object:  0.091 | Distance Object to Target: 0.200|
Done: False|Global Step: 50200|
[Episode 260] Reward: -40.10 | Step Reward: -0.201|Avg(50): -40.10 | Distance Gripper to Object:  0.158 | Distance Object to Target: 0.200|
Done: False|Global Step: 52200|
[Episode 270] Reward: -40.10 | Step Reward: -0.201|Avg(50): -40.10 | Distance Gripper to Object:  0.131 | Distance Object to Target: 0.200|
Done: False|Global Step: 54200|
[Episode 280] Reward: -40.10 | Step Reward: -0.201|Avg(50): -40.10 | Distance Gripper to Object:  0.184 | Distance Object to Target: 0.200|
Done: False|Global Step: 56200|
[Episode 290] Reward: -40.10 | Step Reward: -0.201|Avg(50): -40.10 | Distance Gripper to Object:  0.255 | Distance Object to Target: 0.200|
Done: False|Global Step: 58200|
[Episode 300] Reward: -40.10 | Step Reward: -0.201|Avg(50): -40.10 | Distance Gripper to Object:  0.101 | Distance Object to Target: 0.200|
Done: False|Global Step: 60200|
[Episode 310] Reward: -40.10 | Step Reward: -0.201|Avg(50): -40.10 | Distance Gripper to Object:  0.224 | Distance Object to Target: 0.200|
Done: False|Global Step: 62200|
[Episode 320] Reward: -40.10 | Step Reward: -0.201|Avg(50): -40.09 | Distance Gripper to Object:  0.301 | Distance Object to Target: 0.200|
Done: False|Global Step: 64200|
[Episode 330] Reward: -40.10 | Step Reward: -0.201|Avg(50): -40.10 | Distance Gripper to Object:  0.130 | Distance Object to Target: 0.200|
Done: False|Global Step: 66200|
[Episode 340] Reward: -40.10 | Step Reward: -0.201|Avg(50): -40.10 | Distance Gripper to Object:  0.154 | Distance Object to Target: 0.200|
Done: False|Global Step: 68200|
[Episode 350] Reward: -40.10 | Step Reward: -0.201|Avg(50): -40.10 | Distance Gripper to Object:  0.138 | Distance Object to Target: 0.200|
Done: False|Global Step: 70200|
[Episode 360] Reward: -40.10 | Step Reward: -0.201|Avg(50): -40.10 | Distance Gripper to Object:  0.113 | Distance Object to Target: 0.200|
Done: False|Global Step: 72200|
[Episode 370] Reward: -40.10 | Step Reward: -0.201|Avg(50): -40.11 | Distance Gripper to Object:  0.308 | Distance Object to Target: 0.200|
Done: False|Global Step: 74200|
[Episode 380] Reward: -40.10 | Step Reward: -0.201|Avg(50): -40.10 | Distance Gripper to Object:  0.125 | Distance Object to Target: 0.200|
Done: False|Global Step: 76200|
[Episode 390] Reward: -40.10 | Step Reward: -0.201|Avg(50): -40.10 | Distance Gripper to Object:  0.161 | Distance Object to Target: 0.200|
Done: False|Global Step: 78200|
[Episode 400] Reward: -40.10 | Step Reward: -0.201|Avg(50): -40.10 | Distance Gripper to Object:  0.230 | Distance Object to Target: 0.200|
Done: False|Global Step: 80200|
[Episode 410] Reward: -40.10 | Step Reward: -0.201|Avg(50): -40.10 | Distance Gripper to Object:  0.204 | Distance Object to Target: 0.200|
Done: False|Global Step: 82200|
[Episode 420] Reward: -40.10 | Step Reward: -0.201|Avg(50): -40.10 | Distance Gripper to Object:  0.264 | Distance Object to Target: 0.200|
Done: False|Global Step: 84200|
[Episode 430] Reward: -40.10 | Step Reward: -0.201|Avg(50): -40.10 | Distance Gripper to Object:  0.263 | Distance Object to Target: 0.200|
Done: False|Global Step: 86200|
[Episode 440] Reward: -40.10 | Step Reward: -0.201|Avg(50): -40.10 | Distance Gripper to Object:  0.235 | Distance Object to Target: 0.200|
Done: False|Global Step: 88200|
[Episode 450] Reward: -40.10 | Step Reward: -0.201|Avg(50): -40.10 | Distance Gripper to Object:  0.256 | Distance Object to Target: 0.200|
Done: False|Global Step: 90200|
Training auf Device cuda
Anzahl Episoden: 20000
 Loginterval: 100
 Warmup Steps: 1000
Lade MuJoCo Modell von: /home/elia/LeRobot/SRC/SO-ARM100/Simulation/SO101/scene.xml

Verwende Kamera: 'rgbd_camera' (ID: 0)
Traceback (most recent call last):
  File "/home/elia/LeRobot/SRC/main.py", line 224, in <module>
    main(
  File "/home/elia/LeRobot/SRC/main.py", line 180, in main
    f'Training: {training}'
                 ^^^^^^^^
UnboundLocalError: cannot access local variable 'training' where it is not associated with a value
Exception ignored in: <function Renderer.__del__ at 0x7a9cbc3689a0>
Traceback (most recent call last):
  File "/home/elia/LeRobot/SRC/.venv/lib/python3.12/site-packages/mujoco/renderer.py", line 340, in __del__
    self.close()
  File "/home/elia/LeRobot/SRC/.venv/lib/python3.12/site-packages/mujoco/renderer.py", line 326, in close
    self._gl_context.free()
  File "/home/elia/LeRobot/SRC/.venv/lib/python3.12/site-packages/mujoco/egl/__init__.py", line 131, in free
    EGL.eglMakeCurrent(EGL_DISPLAY, EGL.EGL_NO_SURFACE,
  File "/home/elia/LeRobot/SRC/.venv/lib/python3.12/site-packages/OpenGL/error.py", line 230, in glCheckError
    raise self._errorClass(
OpenGL.raw.EGL._errors.EGLError: <exception str() failed>
Exception ignored in: <function GLContext.__del__ at 0x7a9cbc368180>
Traceback (most recent call last):
  File "/home/elia/LeRobot/SRC/.venv/lib/python3.12/site-packages/mujoco/egl/__init__.py", line 138, in __del__
    self.free()
  File "/home/elia/LeRobot/SRC/.venv/lib/python3.12/site-packages/mujoco/egl/__init__.py", line 131, in free
    EGL.eglMakeCurrent(EGL_DISPLAY, EGL.EGL_NO_SURFACE,
  File "/home/elia/LeRobot/SRC/.venv/lib/python3.12/site-packages/OpenGL/error.py", line 230, in glCheckError
    raise self._errorClass(
OpenGL.raw.EGL._errors.EGLError: <exception str() failed>
Training auf Device cuda
Anzahl Episoden: 25000
 Loginterval: 100
 Warmup Steps: 1000
Lade MuJoCo Modell von: /home/elia/LeRobot/SRC/SO-ARM100/Simulation/SO101/scene.xml

Verwende Kamera: 'rgbd_camera' (ID: 0)
[Episode 0] Reward: -77.84 | Avg(50): -77.84 | Step Reward: -0.391|Distance Gripper to Object:  0.114 | Distance Object to Target: 0.200|
Done: False|Global Step: 200|Training: False
[Episode 10] Reward: -73.64 | Avg(50): -77.88 | Step Reward: -0.370|Distance Gripper to Object:  0.169 | Distance Object to Target: 0.200|
Done: False|Global Step: 2200|Training: True
[Episode 20] Reward: -70.46 | Avg(50): -76.52 | Step Reward: -0.354|Distance Gripper to Object:  0.103 | Distance Object to Target: 0.200|
Done: False|Global Step: 4200|Training: True
[Episode 30] Reward: -71.87 | Avg(50): -74.83 | Step Reward: -0.361|Distance Gripper to Object:  0.107 | Distance Object to Target: 0.200|
Done: False|Global Step: 6200|Training: True
[Episode 40] Reward: -71.88 | Avg(50): -73.95 | Step Reward: -0.361|Distance Gripper to Object:  0.175 | Distance Object to Target: 0.200|
Done: False|Global Step: 8200|Training: True
[Episode 50] Reward: -67.51 | Avg(50): -72.97 | Step Reward: -0.339|Distance Gripper to Object:  0.201 | Distance Object to Target: 0.200|
Done: False|Global Step: 10200|Training: True
[Episode 60] Reward: -64.46 | Avg(50): -71.08 | Step Reward: -0.324|Distance Gripper to Object:  0.135 | Distance Object to Target: 0.200|
Done: False|Global Step: 12200|Training: True
[Episode 70] Reward: -66.77 | Avg(50): -69.57 | Step Reward: -0.336|Distance Gripper to Object:  0.152 | Distance Object to Target: 0.200|
Done: False|Global Step: 14200|Training: True
[Episode 80] Reward: -66.96 | Avg(50): -68.55 | Step Reward: -0.336|Distance Gripper to Object:  0.137 | Distance Object to Target: 0.200|
Done: False|Global Step: 16200|Training: True
[Episode 90] Reward: -67.98 | Avg(50): -67.82 | Step Reward: -0.342|Distance Gripper to Object:  0.154 | Distance Object to Target: 0.200|
Done: False|Global Step: 18200|Training: True
[Episode 100] Reward: -66.56 | Avg(50): -66.81 | Step Reward: -0.334|Distance Gripper to Object:  0.090 | Distance Object to Target: 0.200|
Done: False|Global Step: 20200|Training: True
[Episode 110] Reward: -65.26 | Avg(50): -66.32 | Step Reward: -0.328|Distance Gripper to Object:  0.139 | Distance Object to Target: 0.200|
Done: False|Global Step: 22200|Training: True
[Episode 120] Reward: -64.76 | Avg(50): -65.69 | Step Reward: -0.325|Distance Gripper to Object:  0.122 | Distance Object to Target: 0.200|
Done: False|Global Step: 24200|Training: True
[Episode 130] Reward: -62.23 | Avg(50): -65.11 | Step Reward: -0.313|Distance Gripper to Object:  0.086 | Distance Object to Target: 0.200|
Done: False|Global Step: 26200|Training: True
[Episode 140] Reward: -60.64 | Avg(50): -64.18 | Step Reward: -0.305|Distance Gripper to Object:  0.066 | Distance Object to Target: 0.211|
Done: False|Global Step: 28200|Training: True
[Episode 150] Reward: -61.69 | Avg(50): -63.76 | Step Reward: -0.310|Distance Gripper to Object:  0.092 | Distance Object to Target: 0.200|
Done: False|Global Step: 30200|Training: True
[Episode 160] Reward: -62.13 | Avg(50): -63.07 | Step Reward: -0.312|Distance Gripper to Object:  0.170 | Distance Object to Target: 0.201|
Done: False|Global Step: 32200|Training: True
[Episode 170] Reward: -62.64 | Avg(50): -62.83 | Step Reward: -0.315|Distance Gripper to Object:  0.106 | Distance Object to Target: 0.200|
Done: False|Global Step: 34200|Training: True
[Episode 180] Reward: -58.84 | Avg(50): -62.65 | Step Reward: -0.296|Distance Gripper to Object:  0.077 | Distance Object to Target: 0.171|
Done: False|Global Step: 36200|Training: True
[Episode 190] Reward: -62.90 | Avg(50): -62.35 | Step Reward: -0.316|Distance Gripper to Object:  0.124 | Distance Object to Target: 0.200|
Done: False|Global Step: 38200|Training: True
[Episode 200] Reward: -61.38 | Avg(50): -62.26 | Step Reward: -0.308|Distance Gripper to Object:  0.128 | Distance Object to Target: 0.207|
Done: False|Global Step: 40200|Training: True
[Episode 210] Reward: -61.34 | Avg(50): -62.11 | Step Reward: -0.308|Distance Gripper to Object:  0.129 | Distance Object to Target: 0.200|
Done: False|Global Step: 42200|Training: True
[Episode 220] Reward: -63.53 | Avg(50): -61.76 | Step Reward: -0.319|Distance Gripper to Object:  0.085 | Distance Object to Target: 0.200|
Done: False|Global Step: 44200|Training: True
[Episode 230] Reward: -59.89 | Avg(50): -61.64 | Step Reward: -0.301|Distance Gripper to Object:  0.062 | Distance Object to Target: 0.203|
Done: False|Global Step: 46200|Training: True
[Episode 240] Reward: -60.86 | Avg(50): -61.59 | Step Reward: -0.306|Distance Gripper to Object:  0.131 | Distance Object to Target: 0.200|
Done: False|Global Step: 48200|Training: True
[Episode 250] Reward: -57.85 | Avg(50): -61.35 | Step Reward: -0.291|Distance Gripper to Object:  0.079 | Distance Object to Target: 0.200|
Done: False|Global Step: 50200|Training: True
[Episode 260] Reward: -59.08 | Avg(50): -61.20 | Step Reward: -0.297|Distance Gripper to Object:  0.110 | Distance Object to Target: 0.196|
Done: False|Global Step: 52200|Training: True
[Episode 270] Reward: -58.97 | Avg(50): -61.05 | Step Reward: -0.296|Distance Gripper to Object:  0.081 | Distance Object to Target: 0.219|
Done: False|Global Step: 54200|Training: True
[Episode 280] Reward: -62.13 | Avg(50): -60.86 | Step Reward: -0.312|Distance Gripper to Object:  0.112 | Distance Object to Target: 0.216|
Done: False|Global Step: 56200|Training: True
[Episode 290] Reward: -62.19 | Avg(50): -60.90 | Step Reward: -0.313|Distance Gripper to Object:  0.117 | Distance Object to Target: 0.206|
Done: False|Global Step: 58200|Training: True
[Episode 300] Reward: -59.80 | Avg(50): -60.89 | Step Reward: -0.301|Distance Gripper to Object:  0.088 | Distance Object to Target: 0.200|
Done: False|Global Step: 60200|Training: True
[Episode 310] Reward: -59.94 | Avg(50): -60.88 | Step Reward: -0.301|Distance Gripper to Object:  0.099 | Distance Object to Target: 0.200|
Done: False|Global Step: 62200|Training: True
[Episode 320] Reward: -61.51 | Avg(50): -61.01 | Step Reward: -0.309|Distance Gripper to Object:  0.128 | Distance Object to Target: 0.201|
Done: False|Global Step: 64200|Training: True
[Episode 330] Reward: -60.64 | Avg(50): -60.89 | Step Reward: -0.305|Distance Gripper to Object:  0.080 | Distance Object to Target: 0.200|
Done: False|Global Step: 66200|Training: True
[Episode 340] Reward: -59.39 | Avg(50): -60.64 | Step Reward: -0.298|Distance Gripper to Object:  0.063 | Distance Object to Target: 0.188|
Done: False|Global Step: 68200|Training: True
[Episode 350] Reward: -61.65 | Avg(50): -60.53 | Step Reward: -0.310|Distance Gripper to Object:  0.085 | Distance Object to Target: 0.217|
Done: False|Global Step: 70200|Training: True
[Episode 360] Reward: -60.68 | Avg(50): -60.27 | Step Reward: -0.305|Distance Gripper to Object:  0.086 | Distance Object to Target: 0.200|
Done: False|Global Step: 72200|Training: True
[Episode 370] Reward: -59.76 | Avg(50): -59.97 | Step Reward: -0.300|Distance Gripper to Object:  0.074 | Distance Object to Target: 0.201|
Done: False|Global Step: 74200|Training: True
[Episode 380] Reward: -60.71 | Avg(50): -59.90 | Step Reward: -0.305|Distance Gripper to Object:  0.097 | Distance Object to Target: 0.208|
Done: False|Global Step: 76200|Training: True
[Episode 390] Reward: -59.55 | Avg(50): -59.80 | Step Reward: -0.299|Distance Gripper to Object:  0.103 | Distance Object to Target: 0.198|
Done: False|Global Step: 78200|Training: True
[Episode 400] Reward: -59.88 | Avg(50): -59.78 | Step Reward: -0.301|Distance Gripper to Object:  0.084 | Distance Object to Target: 0.200|
Done: False|Global Step: 80200|Training: True
[Episode 410] Reward: -60.17 | Avg(50): -59.63 | Step Reward: -0.302|Distance Gripper to Object:  0.095 | Distance Object to Target: 0.209|
Done: False|Global Step: 82200|Training: True
[Episode 420] Reward: -62.51 | Avg(50): -59.62 | Step Reward: -0.314|Distance Gripper to Object:  0.109 | Distance Object to Target: 0.216|
Done: False|Global Step: 84200|Training: True
[Episode 430] Reward: -59.77 | Avg(50): -59.48 | Step Reward: -0.300|Distance Gripper to Object:  0.079 | Distance Object to Target: 0.246|
Done: False|Global Step: 86200|Training: True
[Episode 440] Reward: -60.20 | Avg(50): -59.52 | Step Reward: -0.302|Distance Gripper to Object:  0.064 | Distance Object to Target: 0.208|
Done: False|Global Step: 88200|Training: True
[Episode 450] Reward: -58.11 | Avg(50): -59.38 | Step Reward: -0.292|Distance Gripper to Object:  0.067 | Distance Object to Target: 0.210|
Done: False|Global Step: 90200|Training: True
[Episode 460] Reward: -60.52 | Avg(50): -59.61 | Step Reward: -0.304|Distance Gripper to Object:  0.076 | Distance Object to Target: 0.200|
Done: False|Global Step: 92200|Training: True
[Episode 470] Reward: -59.85 | Avg(50): -59.63 | Step Reward: -0.301|Distance Gripper to Object:  0.082 | Distance Object to Target: 0.208|
Done: False|Global Step: 94200|Training: True
[Episode 480] Reward: -56.76 | Avg(50): -59.46 | Step Reward: -0.285|Distance Gripper to Object:  0.065 | Distance Object to Target: 0.200|
Done: False|Global Step: 96200|Training: True
[Episode 490] Reward: -61.66 | Avg(50): -59.24 | Step Reward: -0.310|Distance Gripper to Object:  0.093 | Distance Object to Target: 0.225|
Done: False|Global Step: 98200|Training: True
[Episode 500] Reward: -58.37 | Avg(50): -59.27 | Step Reward: -0.293|Distance Gripper to Object:  0.105 | Distance Object to Target: 0.207|
Done: False|Global Step: 100200|Training: True
[Episode 510] Reward: -58.76 | Avg(50): -58.93 | Step Reward: -0.295|Distance Gripper to Object:  0.081 | Distance Object to Target: 0.209|
Done: False|Global Step: 102200|Training: True
[Episode 520] Reward: -58.38 | Avg(50): -58.89 | Step Reward: -0.293|Distance Gripper to Object:  0.083 | Distance Object to Target: 0.212|
Done: False|Global Step: 104200|Training: True
[Episode 530] Reward: -57.34 | Avg(50): -58.99 | Step Reward: -0.288|Distance Gripper to Object:  0.074 | Distance Object to Target: 0.203|
Done: False|Global Step: 106200|Training: True
[Episode 540] Reward: -60.89 | Avg(50): -59.11 | Step Reward: -0.306|Distance Gripper to Object:  0.079 | Distance Object to Target: 0.220|
Done: False|Global Step: 108200|Training: True
[Episode 550] Reward: -57.77 | Avg(50): -58.93 | Step Reward: -0.290|Distance Gripper to Object:  0.070 | Distance Object to Target: 0.213|
Done: False|Global Step: 110200|Training: True
[Episode 560] Reward: -56.74 | Avg(50): -58.92 | Step Reward: -0.285|Distance Gripper to Object:  0.055 | Distance Object to Target: 0.220|
Done: False|Global Step: 112200|Training: True
[Episode 570] Reward: -57.76 | Avg(50): -58.71 | Step Reward: -0.290|Distance Gripper to Object:  0.086 | Distance Object to Target: 0.206|
Done: False|Global Step: 114200|Training: True
[Episode 580] Reward: -59.79 | Avg(50): -58.76 | Step Reward: -0.300|Distance Gripper to Object:  0.086 | Distance Object to Target: 0.209|
Done: False|Global Step: 116200|Training: True
[Episode 590] Reward: -57.83 | Avg(50): -58.72 | Step Reward: -0.291|Distance Gripper to Object:  0.089 | Distance Object to Target: 0.231|
Done: False|Global Step: 118200|Training: True
[Episode 600] Reward: -62.48 | Avg(50): -58.76 | Step Reward: -0.314|Distance Gripper to Object:  0.098 | Distance Object to Target: 0.214|
Done: False|Global Step: 120200|Training: True
[Episode 610] Reward: -56.84 | Avg(50): -58.65 | Step Reward: -0.286|Distance Gripper to Object:  0.094 | Distance Object to Target: 0.218|
Done: False|Global Step: 122200|Training: True
[Episode 620] Reward: -56.24 | Avg(50): -58.63 | Step Reward: -0.283|Distance Gripper to Object:  0.089 | Distance Object to Target: 0.199|
Done: False|Global Step: 124200|Training: True
[Episode 630] Reward: -57.09 | Avg(50): -58.61 | Step Reward: -0.287|Distance Gripper to Object:  0.061 | Distance Object to Target: 0.217|
Done: False|Global Step: 126200|Training: True
[Episode 640] Reward: -56.92 | Avg(50): -58.40 | Step Reward: -0.286|Distance Gripper to Object:  0.082 | Distance Object to Target: 0.198|
Done: False|Global Step: 128200|Training: True
[Episode 650] Reward: -57.45 | Avg(50): -58.46 | Step Reward: -0.289|Distance Gripper to Object:  0.093 | Distance Object to Target: 0.217|
Done: False|Global Step: 130200|Training: True
[Episode 660] Reward: -59.18 | Avg(50): -58.61 | Step Reward: -0.297|Distance Gripper to Object:  0.084 | Distance Object to Target: 0.203|
Done: False|Global Step: 132200|Training: True
[Episode 670] Reward: -58.71 | Avg(50): -58.72 | Step Reward: -0.295|Distance Gripper to Object:  0.075 | Distance Object to Target: 0.219|
Done: False|Global Step: 134200|Training: True
[Episode 680] Reward: -58.08 | Avg(50): -58.48 | Step Reward: -0.292|Distance Gripper to Object:  0.084 | Distance Object to Target: 0.215|
Done: False|Global Step: 136200|Training: True
[Episode 690] Reward: -56.95 | Avg(50): -58.66 | Step Reward: -0.286|Distance Gripper to Object:  0.062 | Distance Object to Target: 0.205|
Done: False|Global Step: 138200|Training: True
[Episode 700] Reward: -57.36 | Avg(50): -58.45 | Step Reward: -0.288|Distance Gripper to Object:  0.074 | Distance Object to Target: 0.212|
Done: False|Global Step: 140200|Training: True
[Episode 710] Reward: -59.65 | Avg(50): -58.32 | Step Reward: -0.300|Distance Gripper to Object:  0.076 | Distance Object to Target: 0.211|
Done: False|Global Step: 142200|Training: True
[Episode 720] Reward: -58.88 | Avg(50): -58.30 | Step Reward: -0.296|Distance Gripper to Object:  0.082 | Distance Object to Target: 0.211|
Done: False|Global Step: 144200|Training: True
[Episode 730] Reward: -57.03 | Avg(50): -58.35 | Step Reward: -0.287|Distance Gripper to Object:  0.067 | Distance Object to Target: 0.216|
Done: False|Global Step: 146200|Training: True
[Episode 740] Reward: -57.32 | Avg(50): -58.24 | Step Reward: -0.288|Distance Gripper to Object:  0.060 | Distance Object to Target: 0.207|
Done: False|Global Step: 148200|Training: True
[Episode 750] Reward: -61.46 | Avg(50): -58.62 | Step Reward: -0.309|Distance Gripper to Object:  0.076 | Distance Object to Target: 0.231|
Done: False|Global Step: 150200|Training: True
[Episode 760] Reward: -58.21 | Avg(50): -58.83 | Step Reward: -0.293|Distance Gripper to Object:  0.091 | Distance Object to Target: 0.203|
Done: False|Global Step: 152200|Training: True
[Episode 770] Reward: -57.35 | Avg(50): -58.72 | Step Reward: -0.288|Distance Gripper to Object:  0.071 | Distance Object to Target: 0.203|
Done: False|Global Step: 154200|Training: True
[Episode 780] Reward: -56.83 | Avg(50): -58.57 | Step Reward: -0.286|Distance Gripper to Object:  0.083 | Distance Object to Target: 0.204|
Done: False|Global Step: 156200|Training: True
[Episode 790] Reward: -57.94 | Avg(50): -58.60 | Step Reward: -0.291|Distance Gripper to Object:  0.095 | Distance Object to Target: 0.250|
Done: False|Global Step: 158200|Training: True
[Episode 800] Reward: -59.53 | Avg(50): -58.30 | Step Reward: -0.299|Distance Gripper to Object:  0.066 | Distance Object to Target: 0.222|
Done: False|Global Step: 160200|Training: True
[Episode 810] Reward: -57.25 | Avg(50): -58.13 | Step Reward: -0.288|Distance Gripper to Object:  0.081 | Distance Object to Target: 0.200|
Done: False|Global Step: 162200|Training: True
[Episode 820] Reward: -60.77 | Avg(50): -58.34 | Step Reward: -0.305|Distance Gripper to Object:  0.122 | Distance Object to Target: 0.221|
Done: False|Global Step: 164200|Training: True
[Episode 830] Reward: -59.15 | Avg(50): -58.66 | Step Reward: -0.297|Distance Gripper to Object:  0.095 | Distance Object to Target: 0.233|
Done: False|Global Step: 166200|Training: True
[Episode 840] Reward: -54.60 | Avg(50): -58.28 | Step Reward: -0.274|Distance Gripper to Object:  0.059 | Distance Object to Target: 0.188|
Done: False|Global Step: 168200|Training: True
[Episode 850] Reward: -58.30 | Avg(50): -58.29 | Step Reward: -0.293|Distance Gripper to Object:  0.090 | Distance Object to Target: 0.222|
Done: False|Global Step: 170200|Training: True
Training auf Device cuda
Anzahl Episoden: 25000
 Loginterval: 100
 Warmup Steps: 1000
Lade MuJoCo Modell von: /home/elia/LeRobot/SRC/SO-ARM100/Simulation/SO101/scene.xml

Verwende Kamera: 'rgbd_camera' (ID: 0)
[Episode 0] Reward: -76.96 | Avg(50): -76.96 | Step Reward: -0.387|Distance Gripper to Object:  0.108 | Distance Object to Target: 0.200|
Done: False|Global Step: 200|Training: False
[Episode 10] Reward: -71.05 | Avg(50): -75.38 | Step Reward: -0.357|Distance Gripper to Object:  0.122 | Distance Object to Target: 0.200|
Done: False|Global Step: 2200|Training: True
[Episode 20] Reward: -71.98 | Avg(50): -74.72 | Step Reward: -0.362|Distance Gripper to Object:  0.173 | Distance Object to Target: 0.200|
Done: False|Global Step: 4200|Training: True
[Episode 30] Reward: -70.49 | Avg(50): -73.82 | Step Reward: -0.354|Distance Gripper to Object:  0.151 | Distance Object to Target: 0.200|
Done: False|Global Step: 6200|Training: True
[Episode 40] Reward: -73.95 | Avg(50): -73.64 | Step Reward: -0.372|Distance Gripper to Object:  0.151 | Distance Object to Target: 0.200|
Done: False|Global Step: 8200|Training: True
[Episode 50] Reward: -69.67 | Avg(50): -73.07 | Step Reward: -0.350|Distance Gripper to Object:  0.153 | Distance Object to Target: 0.200|
Done: False|Global Step: 10200|Training: True
[Episode 60] Reward: -67.02 | Avg(50): -71.91 | Step Reward: -0.337|Distance Gripper to Object:  0.105 | Distance Object to Target: 0.200|
Done: False|Global Step: 12200|Training: True
[Episode 70] Reward: -69.05 | Avg(50): -70.85 | Step Reward: -0.347|Distance Gripper to Object:  0.112 | Distance Object to Target: 0.200|
Done: False|Global Step: 14200|Training: True
[Episode 80] Reward: -71.37 | Avg(50): -69.93 | Step Reward: -0.359|Distance Gripper to Object:  0.121 | Distance Object to Target: 0.200|
Done: False|Global Step: 16200|Training: True
[Episode 90] Reward: -63.14 | Avg(50): -68.51 | Step Reward: -0.317|Distance Gripper to Object:  0.112 | Distance Object to Target: 0.201|
Done: False|Global Step: 18200|Training: True
[Episode 100] Reward: -63.37 | Avg(50): -67.44 | Step Reward: -0.318|Distance Gripper to Object:  0.111 | Distance Object to Target: 0.200|
Done: False|Global Step: 20200|Training: True
[Episode 110] Reward: -63.97 | Avg(50): -66.59 | Step Reward: -0.321|Distance Gripper to Object:  0.182 | Distance Object to Target: 0.200|
Done: False|Global Step: 22200|Training: True
[Episode 120] Reward: -62.49 | Avg(50): -65.73 | Step Reward: -0.314|Distance Gripper to Object:  0.105 | Distance Object to Target: 0.199|
Done: False|Global Step: 24200|Training: True
[Episode 130] Reward: -66.20 | Avg(50): -64.93 | Step Reward: -0.333|Distance Gripper to Object:  0.146 | Distance Object to Target: 0.200|
Done: False|Global Step: 26200|Training: True
[Episode 140] Reward: -66.02 | Avg(50): -64.63 | Step Reward: -0.332|Distance Gripper to Object:  0.128 | Distance Object to Target: 0.200|
Done: False|Global Step: 28200|Training: True
[Episode 150] Reward: -64.75 | Avg(50): -64.06 | Step Reward: -0.325|Distance Gripper to Object:  0.082 | Distance Object to Target: 0.201|
Done: False|Global Step: 30200|Training: True
[Episode 160] Reward: -64.36 | Avg(50): -63.52 | Step Reward: -0.323|Distance Gripper to Object:  0.119 | Distance Object to Target: 0.200|
Done: False|Global Step: 32200|Training: True
[Episode 170] Reward: -62.83 | Avg(50): -63.18 | Step Reward: -0.316|Distance Gripper to Object:  0.127 | Distance Object to Target: 0.212|
Done: False|Global Step: 34200|Training: True
[Episode 180] Reward: -60.54 | Avg(50): -62.76 | Step Reward: -0.304|Distance Gripper to Object:  0.063 | Distance Object to Target: 0.200|
Done: False|Global Step: 36200|Training: True
[Episode 190] Reward: -62.08 | Avg(50): -62.23 | Step Reward: -0.312|Distance Gripper to Object:  0.104 | Distance Object to Target: 0.200|
Done: False|Global Step: 38200|Training: True
[Episode 200] Reward: -59.42 | Avg(50): -61.80 | Step Reward: -0.299|Distance Gripper to Object:  0.086 | Distance Object to Target: 0.201|
Done: False|Global Step: 40200|Training: True
[Episode 210] Reward: -59.91 | Avg(50): -61.24 | Step Reward: -0.301|Distance Gripper to Object:  0.090 | Distance Object to Target: 0.200|
Done: False|Global Step: 42200|Training: True
[Episode 220] Reward: -62.50 | Avg(50): -60.89 | Step Reward: -0.314|Distance Gripper to Object:  0.128 | Distance Object to Target: 0.208|
Done: False|Global Step: 44200|Training: True
[Episode 230] Reward: -59.83 | Avg(50): -60.76 | Step Reward: -0.301|Distance Gripper to Object:  0.111 | Distance Object to Target: 0.203|
Done: False|Global Step: 46200|Training: True
[Episode 240] Reward: -60.12 | Avg(50): -60.52 | Step Reward: -0.302|Distance Gripper to Object:  0.102 | Distance Object to Target: 0.205|
Done: False|Global Step: 48200|Training: True
[Episode 250] Reward: -66.02 | Avg(50): -60.62 | Step Reward: -0.332|Distance Gripper to Object:  0.136 | Distance Object to Target: 0.217|
Done: False|Global Step: 50200|Training: True
[Episode 260] Reward: -60.07 | Avg(50): -61.02 | Step Reward: -0.302|Distance Gripper to Object:  0.097 | Distance Object to Target: 0.200|
Done: False|Global Step: 52200|Training: True
[Episode 270] Reward: -60.36 | Avg(50): -60.88 | Step Reward: -0.303|Distance Gripper to Object:  0.079 | Distance Object to Target: 0.200|
Done: False|Global Step: 54200|Training: True
[Episode 280] Reward: -60.51 | Avg(50): -60.90 | Step Reward: -0.304|Distance Gripper to Object:  0.092 | Distance Object to Target: 0.202|
Done: False|Global Step: 56200|Training: True
[Episode 290] Reward: -58.41 | Avg(50): -60.85 | Step Reward: -0.293|Distance Gripper to Object:  0.080 | Distance Object to Target: 0.210|
Done: False|Global Step: 58200|Training: True
[Episode 300] Reward: -60.69 | Avg(50): -60.41 | Step Reward: -0.305|Distance Gripper to Object:  0.094 | Distance Object to Target: 0.211|
Done: False|Global Step: 60200|Training: True
[Episode 310] Reward: -59.37 | Avg(50): -60.00 | Step Reward: -0.298|Distance Gripper to Object:  0.084 | Distance Object to Target: 0.200|
Done: False|Global Step: 62200|Training: True
[Episode 320] Reward: -59.27 | Avg(50): -60.02 | Step Reward: -0.298|Distance Gripper to Object:  0.072 | Distance Object to Target: 0.202|
Done: False|Global Step: 64200|Training: True
[Episode 330] Reward: -61.36 | Avg(50): -59.90 | Step Reward: -0.308|Distance Gripper to Object:  0.082 | Distance Object to Target: 0.220|
Done: False|Global Step: 66200|Training: True
[Episode 340] Reward: -58.62 | Avg(50): -59.70 | Step Reward: -0.295|Distance Gripper to Object:  0.081 | Distance Object to Target: 0.200|
Done: False|Global Step: 68200|Training: True
[Episode 350] Reward: -59.01 | Avg(50): -59.84 | Step Reward: -0.297|Distance Gripper to Object:  0.082 | Distance Object to Target: 0.208|
Done: False|Global Step: 70200|Training: True
[Episode 360] Reward: -61.17 | Avg(50): -60.00 | Step Reward: -0.307|Distance Gripper to Object:  0.105 | Distance Object to Target: 0.203|
Done: False|Global Step: 72200|Training: True
[Episode 370] Reward: -59.43 | Avg(50): -59.86 | Step Reward: -0.299|Distance Gripper to Object:  0.142 | Distance Object to Target: 0.201|
Done: False|Global Step: 74200|Training: True
[Episode 380] Reward: -59.75 | Avg(50): -59.80 | Step Reward: -0.300|Distance Gripper to Object:  0.097 | Distance Object to Target: 0.213|
Done: False|Global Step: 76200|Training: True
[Episode 390] Reward: -58.69 | Avg(50): -59.98 | Step Reward: -0.295|Distance Gripper to Object:  0.105 | Distance Object to Target: 0.200|
Done: False|Global Step: 78200|Training: True
[Episode 400] Reward: -60.31 | Avg(50): -59.91 | Step Reward: -0.303|Distance Gripper to Object:  0.109 | Distance Object to Target: 0.217|
Done: False|Global Step: 80200|Training: True
[Episode 410] Reward: -60.98 | Avg(50): -59.69 | Step Reward: -0.306|Distance Gripper to Object:  0.077 | Distance Object to Target: 0.201|
Done: False|Global Step: 82200|Training: True
[Episode 420] Reward: -60.13 | Avg(50): -59.66 | Step Reward: -0.302|Distance Gripper to Object:  0.111 | Distance Object to Target: 0.200|
Done: False|Global Step: 84200|Training: True
[Episode 430] Reward: -61.25 | Avg(50): -59.76 | Step Reward: -0.308|Distance Gripper to Object:  0.086 | Distance Object to Target: 0.212|
Done: False|Global Step: 86200|Training: True
[Episode 440] Reward: -61.64 | Avg(50): -59.55 | Step Reward: -0.310|Distance Gripper to Object:  0.116 | Distance Object to Target: 0.218|
Done: False|Global Step: 88200|Training: True
[Episode 450] Reward: -62.99 | Avg(50): -59.61 | Step Reward: -0.317|Distance Gripper to Object:  0.126 | Distance Object to Target: 0.228|
Done: False|Global Step: 90200|Training: True
[Episode 460] Reward: -57.93 | Avg(50): -59.59 | Step Reward: -0.291|Distance Gripper to Object:  0.058 | Distance Object to Target: 0.200|
Done: False|Global Step: 92200|Training: True
[Episode 470] Reward: -60.55 | Avg(50): -59.48 | Step Reward: -0.304|Distance Gripper to Object:  0.064 | Distance Object to Target: 0.225|
Done: False|Global Step: 94200|Training: True
[Episode 480] Reward: -53.86 | Avg(50): -59.27 | Step Reward: -0.271|Distance Gripper to Object:  0.113 | Distance Object to Target: 0.171|
Done: False|Global Step: 96200|Training: True
[Episode 490] Reward: -61.22 | Avg(50): -59.40 | Step Reward: -0.308|Distance Gripper to Object:  0.079 | Distance Object to Target: 0.215|
Done: False|Global Step: 98200|Training: True
[Episode 500] Reward: -58.58 | Avg(50): -59.28 | Step Reward: -0.294|Distance Gripper to Object:  0.078 | Distance Object to Target: 0.201|
Done: False|Global Step: 100200|Training: True
[Episode 510] Reward: -58.83 | Avg(50): -59.26 | Step Reward: -0.296|Distance Gripper to Object:  0.060 | Distance Object to Target: 0.200|
Done: False|Global Step: 102200|Training: True
[Episode 520] Reward: -59.89 | Avg(50): -59.29 | Step Reward: -0.301|Distance Gripper to Object:  0.066 | Distance Object to Target: 0.213|
Done: False|Global Step: 104200|Training: True
[Episode 530] Reward: -60.50 | Avg(50): -59.43 | Step Reward: -0.304|Distance Gripper to Object:  0.076 | Distance Object to Target: 0.214|
Done: False|Global Step: 106200|Training: True
[Episode 540] Reward: -57.87 | Avg(50): -59.34 | Step Reward: -0.291|Distance Gripper to Object:  0.085 | Distance Object to Target: 0.199|
Done: False|Global Step: 108200|Training: True
[Episode 550] Reward: -59.75 | Avg(50): -59.17 | Step Reward: -0.300|Distance Gripper to Object:  0.083 | Distance Object to Target: 0.213|
Done: False|Global Step: 110200|Training: True
[Episode 560] Reward: -58.79 | Avg(50): -59.04 | Step Reward: -0.295|Distance Gripper to Object:  0.069 | Distance Object to Target: 0.217|
Done: False|Global Step: 112200|Training: True
[Episode 570] Reward: -60.45 | Avg(50): -59.18 | Step Reward: -0.304|Distance Gripper to Object:  0.122 | Distance Object to Target: 0.200|
Done: False|Global Step: 114200|Training: True
[Episode 580] Reward: -60.54 | Avg(50): -59.02 | Step Reward: -0.304|Distance Gripper to Object:  0.094 | Distance Object to Target: 0.209|
Done: False|Global Step: 116200|Training: True
[Episode 590] Reward: -62.78 | Avg(50): -58.95 | Step Reward: -0.315|Distance Gripper to Object:  0.118 | Distance Object to Target: 0.236|
Done: False|Global Step: 118200|Training: True
[Episode 600] Reward: -57.56 | Avg(50): -59.16 | Step Reward: -0.289|Distance Gripper to Object:  0.062 | Distance Object to Target: 0.217|
Done: False|Global Step: 120200|Training: True
[Episode 610] Reward: -57.82 | Avg(50): -59.11 | Step Reward: -0.291|Distance Gripper to Object:  0.069 | Distance Object to Target: 0.208|
Done: False|Global Step: 122200|Training: True
[Episode 620] Reward: -61.17 | Avg(50): -59.01 | Step Reward: -0.307|Distance Gripper to Object:  0.081 | Distance Object to Target: 0.213|
Done: False|Global Step: 124200|Training: True
[Episode 630] Reward: -61.82 | Avg(50): -58.94 | Step Reward: -0.311|Distance Gripper to Object:  0.086 | Distance Object to Target: 0.224|
Done: False|Global Step: 126200|Training: True
[Episode 640] Reward: -56.35 | Avg(50): -58.90 | Step Reward: -0.283|Distance Gripper to Object:  0.061 | Distance Object to Target: 0.200|
Done: False|Global Step: 128200|Training: True
[Episode 650] Reward: -58.44 | Avg(50): -58.75 | Step Reward: -0.294|Distance Gripper to Object:  0.094 | Distance Object to Target: 0.209|
Done: False|Global Step: 130200|Training: True
[Episode 660] Reward: -59.05 | Avg(50): -58.67 | Step Reward: -0.297|Distance Gripper to Object:  0.118 | Distance Object to Target: 0.222|
Done: False|Global Step: 132200|Training: True
[Episode 670] Reward: -58.79 | Avg(50): -58.99 | Step Reward: -0.295|Distance Gripper to Object:  0.085 | Distance Object to Target: 0.217|
Done: False|Global Step: 134200|Training: True
[Episode 680] Reward: -60.25 | Avg(50): -59.06 | Step Reward: -0.303|Distance Gripper to Object:  0.092 | Distance Object to Target: 0.228|
Done: False|Global Step: 136200|Training: True
[Episode 690] Reward: -58.31 | Avg(50): -59.09 | Step Reward: -0.293|Distance Gripper to Object:  0.057 | Distance Object to Target: 0.214|
Done: False|Global Step: 138200|Training: True
[Episode 700] Reward: -57.62 | Avg(50): -58.98 | Step Reward: -0.290|Distance Gripper to Object:  0.074 | Distance Object to Target: 0.206|
Done: False|Global Step: 140200|Training: True
[Episode 710] Reward: -59.53 | Avg(50): -59.17 | Step Reward: -0.299|Distance Gripper to Object:  0.096 | Distance Object to Target: 0.214|
Done: False|Global Step: 142200|Training: True
[Episode 720] Reward: -58.04 | Avg(50): -58.69 | Step Reward: -0.292|Distance Gripper to Object:  0.087 | Distance Object to Target: 0.221|
Done: False|Global Step: 144200|Training: True
[Episode 730] Reward: -56.62 | Avg(50): -58.73 | Step Reward: -0.284|Distance Gripper to Object:  0.113 | Distance Object to Target: 0.204|
Done: False|Global Step: 146200|Training: True
[Episode 740] Reward: -56.32 | Avg(50): -58.45 | Step Reward: -0.283|Distance Gripper to Object:  0.085 | Distance Object to Target: 0.218|
Done: False|Global Step: 148200|Training: True
[Episode 750] Reward: -58.23 | Avg(50): -58.49 | Step Reward: -0.293|Distance Gripper to Object:  0.084 | Distance Object to Target: 0.207|
Done: False|Global Step: 150200|Training: True
[Episode 760] Reward: -64.36 | Avg(50): -58.32 | Step Reward: -0.323|Distance Gripper to Object:  0.080 | Distance Object to Target: 0.245|
Done: False|Global Step: 152200|Training: True
[Episode 770] Reward: -59.99 | Avg(50): -58.51 | Step Reward: -0.301|Distance Gripper to Object:  0.087 | Distance Object to Target: 0.213|
Done: False|Global Step: 154200|Training: True
[Episode 780] Reward: -58.74 | Avg(50): -58.37 | Step Reward: -0.295|Distance Gripper to Object:  0.087 | Distance Object to Target: 0.208|
Done: False|Global Step: 156200|Training: True
[Episode 790] Reward: -60.16 | Avg(50): -58.36 | Step Reward: -0.302|Distance Gripper to Object:  0.078 | Distance Object to Target: 0.219|
Done: False|Global Step: 158200|Training: True
[Episode 800] Reward: -55.65 | Avg(50): -58.56 | Step Reward: -0.280|Distance Gripper to Object:  0.071 | Distance Object to Target: 0.223|
Done: False|Global Step: 160200|Training: True
[Episode 810] Reward: -59.12 | Avg(50): -58.55 | Step Reward: -0.297|Distance Gripper to Object:  0.095 | Distance Object to Target: 0.232|
Done: False|Global Step: 162200|Training: True
[Episode 820] Reward: -64.07 | Avg(50): -58.54 | Step Reward: -0.322|Distance Gripper to Object:  0.081 | Distance Object to Target: 0.253|
Done: False|Global Step: 164200|Training: True
[Episode 830] Reward: -59.49 | Avg(50): -58.59 | Step Reward: -0.299|Distance Gripper to Object:  0.073 | Distance Object to Target: 0.217|
Done: False|Global Step: 166200|Training: True
[Episode 840] Reward: -58.24 | Avg(50): -58.95 | Step Reward: -0.293|Distance Gripper to Object:  0.092 | Distance Object to Target: 0.202|
Done: False|Global Step: 168200|Training: True
[Episode 850] Reward: -58.25 | Avg(50): -59.16 | Step Reward: -0.293|Distance Gripper to Object:  0.074 | Distance Object to Target: 0.223|
Done: False|Global Step: 170200|Training: True
Training auf Device cuda
Anzahl Episoden: 20000
 Loginterval: 100
 Warmup Steps: 1000
Lade MuJoCo Modell von: /home/elia/LeRobot/SRC/SO-ARM100/Simulation/SO101/scene.xml

Verwende Kamera: 'rgbd_camera' (ID: 0)
[Episode 0] Reward: -81.35 | Avg(50): -81.35 | Step Reward: -0.409|Distance Gripper to Object:  0.148 | Distance Object to Target: 0.200|
Done: False|Global Step: 200|Training: False
[Episode 10] Reward: -78.93 | Avg(50): -77.66 | Step Reward: -0.397|Distance Gripper to Object:  0.215 | Distance Object to Target: 0.200|
Done: False|Global Step: 2200|Training: True
[Episode 20] Reward: -75.77 | Avg(50): -76.21 | Step Reward: -0.381|Distance Gripper to Object:  0.196 | Distance Object to Target: 0.200|
Done: False|Global Step: 4200|Training: True
[Episode 30] Reward: -72.55 | Avg(50): -75.73 | Step Reward: -0.365|Distance Gripper to Object:  0.214 | Distance Object to Target: 0.200|
Done: False|Global Step: 6200|Training: True
[Episode 40] Reward: -75.37 | Avg(50): -75.04 | Step Reward: -0.379|Distance Gripper to Object:  0.172 | Distance Object to Target: 0.200|
Done: False|Global Step: 8200|Training: True
[Episode 50] Reward: -74.76 | Avg(50): -73.99 | Step Reward: -0.376|Distance Gripper to Object:  0.129 | Distance Object to Target: 0.200|
Done: False|Global Step: 10200|Training: True
[Episode 60] Reward: -68.33 | Avg(50): -72.35 | Step Reward: -0.343|Distance Gripper to Object:  0.087 | Distance Object to Target: 0.200|
Done: False|Global Step: 12200|Training: True
[Episode 70] Reward: -68.81 | Avg(50): -70.87 | Step Reward: -0.346|Distance Gripper to Object:  0.146 | Distance Object to Target: 0.200|
Done: False|Global Step: 14200|Training: True
[Episode 80] Reward: -62.19 | Avg(50): -69.34 | Step Reward: -0.312|Distance Gripper to Object:  0.092 | Distance Object to Target: 0.200|
Done: False|Global Step: 16200|Training: True
[Episode 90] Reward: -64.68 | Avg(50): -68.04 | Step Reward: -0.325|Distance Gripper to Object:  0.087 | Distance Object to Target: 0.200|
Done: False|Global Step: 18200|Training: True
[Episode 100] Reward: -65.06 | Avg(50): -66.97 | Step Reward: -0.327|Distance Gripper to Object:  0.094 | Distance Object to Target: 0.200|
Done: False|Global Step: 20200|Training: True
[Episode 110] Reward: -72.11 | Avg(50): -66.19 | Step Reward: -0.362|Distance Gripper to Object:  0.133 | Distance Object to Target: 0.235|
Done: False|Global Step: 22200|Training: True
[Episode 120] Reward: -62.03 | Avg(50): -65.40 | Step Reward: -0.312|Distance Gripper to Object:  0.094 | Distance Object to Target: 0.213|
Done: False|Global Step: 24200|Training: True
[Episode 130] Reward: -63.56 | Avg(50): -64.81 | Step Reward: -0.319|Distance Gripper to Object:  0.114 | Distance Object to Target: 0.196|
Done: False|Global Step: 26200|Training: True
[Episode 140] Reward: -64.42 | Avg(50): -63.95 | Step Reward: -0.324|Distance Gripper to Object:  0.124 | Distance Object to Target: 0.200|
Done: False|Global Step: 28200|Training: True
[Episode 150] Reward: -61.43 | Avg(50): -63.45 | Step Reward: -0.309|Distance Gripper to Object:  0.113 | Distance Object to Target: 0.200|
Done: False|Global Step: 30200|Training: True
[Episode 160] Reward: -62.36 | Avg(50): -62.80 | Step Reward: -0.313|Distance Gripper to Object:  0.084 | Distance Object to Target: 0.200|
Done: False|Global Step: 32200|Training: True
[Episode 170] Reward: -65.41 | Avg(50): -62.66 | Step Reward: -0.329|Distance Gripper to Object:  0.101 | Distance Object to Target: 0.226|
Done: False|Global Step: 34200|Training: True
[Episode 180] Reward: -64.24 | Avg(50): -62.45 | Step Reward: -0.323|Distance Gripper to Object:  0.096 | Distance Object to Target: 0.202|
Done: False|Global Step: 36200|Training: True
[Episode 190] Reward: -59.25 | Avg(50): -62.45 | Step Reward: -0.298|Distance Gripper to Object:  0.087 | Distance Object to Target: 0.200|
Done: False|Global Step: 38200|Training: True
[Episode 200] Reward: -62.98 | Avg(50): -62.12 | Step Reward: -0.316|Distance Gripper to Object:  0.112 | Distance Object to Target: 0.200|
Done: False|Global Step: 40200|Training: True
[Episode 210] Reward: -60.52 | Avg(50): -62.11 | Step Reward: -0.304|Distance Gripper to Object:  0.112 | Distance Object to Target: 0.207|
Done: False|Global Step: 42200|Training: True
[Episode 220] Reward: -56.86 | Avg(50): -61.69 | Step Reward: -0.286|Distance Gripper to Object:  0.161 | Distance Object to Target: 0.037|
Done: False|Global Step: 44200|Training: True
[Episode 230] Reward: -59.91 | Avg(50): -61.12 | Step Reward: -0.301|Distance Gripper to Object:  0.094 | Distance Object to Target: 0.200|
Done: False|Global Step: 46200|Training: True
[Episode 240] Reward: -61.83 | Avg(50): -60.78 | Step Reward: -0.311|Distance Gripper to Object:  0.142 | Distance Object to Target: 0.213|
Done: False|Global Step: 48200|Training: True
[Episode 250] Reward: -61.25 | Avg(50): -60.66 | Step Reward: -0.308|Distance Gripper to Object:  0.117 | Distance Object to Target: 0.217|
Done: False|Global Step: 50200|Training: True
[Episode 260] Reward: -61.36 | Avg(50): -60.37 | Step Reward: -0.308|Distance Gripper to Object:  0.088 | Distance Object to Target: 0.201|
Done: False|Global Step: 52200|Training: True
[Episode 270] Reward: -60.70 | Avg(50): -60.10 | Step Reward: -0.305|Distance Gripper to Object:  0.104 | Distance Object to Target: 0.200|
Done: False|Global Step: 54200|Training: True
[Episode 280] Reward: -62.04 | Avg(50): -60.08 | Step Reward: -0.312|Distance Gripper to Object:  0.116 | Distance Object to Target: 0.213|
Done: False|Global Step: 56200|Training: True
[Episode 290] Reward: -59.24 | Avg(50): -59.96 | Step Reward: -0.298|Distance Gripper to Object:  0.143 | Distance Object to Target: 0.203|
Done: False|Global Step: 58200|Training: True
[Episode 300] Reward: -59.23 | Avg(50): -59.78 | Step Reward: -0.298|Distance Gripper to Object:  0.099 | Distance Object to Target: 0.205|
Done: False|Global Step: 60200|Training: True
[Episode 310] Reward: -59.95 | Avg(50): -59.67 | Step Reward: -0.301|Distance Gripper to Object:  0.120 | Distance Object to Target: 0.198|
Done: False|Global Step: 62200|Training: True
[Episode 320] Reward: -58.06 | Avg(50): -59.64 | Step Reward: -0.292|Distance Gripper to Object:  0.099 | Distance Object to Target: 0.200|
Done: False|Global Step: 64200|Training: True
[Episode 330] Reward: -60.10 | Avg(50): -59.50 | Step Reward: -0.302|Distance Gripper to Object:  0.105 | Distance Object to Target: 0.216|
Done: False|Global Step: 66200|Training: True
[Episode 340] Reward: -59.65 | Avg(50): -59.37 | Step Reward: -0.300|Distance Gripper to Object:  0.084 | Distance Object to Target: 0.217|
Done: False|Global Step: 68200|Training: True
[Episode 350] Reward: -59.24 | Avg(50): -59.37 | Step Reward: -0.298|Distance Gripper to Object:  0.073 | Distance Object to Target: 0.212|
Done: False|Global Step: 70200|Training: True
[Episode 360] Reward: -57.57 | Avg(50): -59.28 | Step Reward: -0.289|Distance Gripper to Object:  0.076 | Distance Object to Target: 0.203|
Done: False|Global Step: 72200|Training: True
[Episode 370] Reward: -57.41 | Avg(50): -59.29 | Step Reward: -0.289|Distance Gripper to Object:  0.096 | Distance Object to Target: 0.205|
Done: False|Global Step: 74200|Training: True
[Episode 380] Reward: -61.97 | Avg(50): -59.19 | Step Reward: -0.311|Distance Gripper to Object:  0.101 | Distance Object to Target: 0.222|
Done: False|Global Step: 76200|Training: True
[Episode 390] Reward: -56.96 | Avg(50): -59.09 | Step Reward: -0.286|Distance Gripper to Object:  0.095 | Distance Object to Target: 0.168|
Done: False|Global Step: 78200|Training: True
[Episode 400] Reward: -59.04 | Avg(50): -58.99 | Step Reward: -0.297|Distance Gripper to Object:  0.079 | Distance Object to Target: 0.204|
Done: False|Global Step: 80200|Training: True
[Episode 410] Reward: -56.14 | Avg(50): -58.81 | Step Reward: -0.282|Distance Gripper to Object:  0.088 | Distance Object to Target: 0.183|
Done: False|Global Step: 82200|Training: True
[Episode 420] Reward: -62.41 | Avg(50): -58.84 | Step Reward: -0.314|Distance Gripper to Object:  0.101 | Distance Object to Target: 0.217|
Done: False|Global Step: 84200|Training: True
[Episode 430] Reward: -58.37 | Avg(50): -58.71 | Step Reward: -0.293|Distance Gripper to Object:  0.075 | Distance Object to Target: 0.205|
Done: False|Global Step: 86200|Training: True
[Episode 440] Reward: -59.15 | Avg(50): -58.78 | Step Reward: -0.297|Distance Gripper to Object:  0.078 | Distance Object to Target: 0.219|
Done: False|Global Step: 88200|Training: True
[Episode 450] Reward: -57.27 | Avg(50): -58.64 | Step Reward: -0.288|Distance Gripper to Object:  0.092 | Distance Object to Target: 0.196|
Done: False|Global Step: 90200|Training: True
[Episode 460] Reward: -57.10 | Avg(50): -58.75 | Step Reward: -0.287|Distance Gripper to Object:  0.079 | Distance Object to Target: 0.233|
Done: False|Global Step: 92200|Training: True
[Episode 470] Reward: -58.60 | Avg(50): -58.60 | Step Reward: -0.294|Distance Gripper to Object:  0.083 | Distance Object to Target: 0.205|
Done: False|Global Step: 94200|Training: True
[Episode 480] Reward: -60.49 | Avg(50): -58.63 | Step Reward: -0.304|Distance Gripper to Object:  0.128 | Distance Object to Target: 0.207|
Done: False|Global Step: 96200|Training: True
[Episode 490] Reward: -59.62 | Avg(50): -58.57 | Step Reward: -0.300|Distance Gripper to Object:  0.067 | Distance Object to Target: 0.210|
Done: False|Global Step: 98200|Training: True
[Episode 500] Reward: -58.20 | Avg(50): -58.45 | Step Reward: -0.292|Distance Gripper to Object:  0.086 | Distance Object to Target: 0.201|
Done: False|Global Step: 100200|Training: True
[Episode 510] Reward: -59.70 | Avg(50): -58.46 | Step Reward: -0.300|Distance Gripper to Object:  0.066 | Distance Object to Target: 0.242|
Done: False|Global Step: 102200|Training: True
[Episode 520] Reward: -57.21 | Avg(50): -58.28 | Step Reward: -0.287|Distance Gripper to Object:  0.091 | Distance Object to Target: 0.210|
Done: False|Global Step: 104200|Training: True
[Episode 530] Reward: -61.21 | Avg(50): -58.43 | Step Reward: -0.308|Distance Gripper to Object:  0.117 | Distance Object to Target: 0.224|
Done: False|Global Step: 106200|Training: True
[Episode 540] Reward: -57.69 | Avg(50): -58.34 | Step Reward: -0.290|Distance Gripper to Object:  0.077 | Distance Object to Target: 0.200|
Done: False|Global Step: 108200|Training: True
[Episode 550] Reward: -56.75 | Avg(50): -58.49 | Step Reward: -0.285|Distance Gripper to Object:  0.072 | Distance Object to Target: 0.195|
Done: False|Global Step: 110200|Training: True
[Episode 560] Reward: -56.43 | Avg(50): -58.28 | Step Reward: -0.284|Distance Gripper to Object:  0.068 | Distance Object to Target: 0.200|
Done: False|Global Step: 112200|Training: True
[Episode 570] Reward: -58.18 | Avg(50): -58.52 | Step Reward: -0.292|Distance Gripper to Object:  0.098 | Distance Object to Target: 0.201|
Done: False|Global Step: 114200|Training: True
[Episode 580] Reward: -57.05 | Avg(50): -58.74 | Step Reward: -0.287|Distance Gripper to Object:  0.055 | Distance Object to Target: 0.222|
Done: False|Global Step: 116200|Training: True
[Episode 590] Reward: -56.51 | Avg(50): -58.65 | Step Reward: -0.284|Distance Gripper to Object:  0.081 | Distance Object to Target: 0.200|
Done: False|Global Step: 118200|Training: True
[Episode 600] Reward: -58.07 | Avg(50): -58.74 | Step Reward: -0.292|Distance Gripper to Object:  0.077 | Distance Object to Target: 0.201|
Done: False|Global Step: 120200|Training: True
[Episode 610] Reward: -60.20 | Avg(50): -58.79 | Step Reward: -0.303|Distance Gripper to Object:  0.082 | Distance Object to Target: 0.226|
Done: False|Global Step: 122200|Training: True
[Episode 620] Reward: -58.01 | Avg(50): -59.00 | Step Reward: -0.292|Distance Gripper to Object:  0.108 | Distance Object to Target: 0.263|
Done: False|Global Step: 124200|Training: True
[Episode 630] Reward: -59.46 | Avg(50): -58.63 | Step Reward: -0.299|Distance Gripper to Object:  0.089 | Distance Object to Target: 0.219|
Done: False|Global Step: 126200|Training: True
[Episode 640] Reward: -59.47 | Avg(50): -58.80 | Step Reward: -0.299|Distance Gripper to Object:  0.085 | Distance Object to Target: 0.203|
Done: False|Global Step: 128200|Training: True
[Episode 650] Reward: -62.17 | Avg(50): -59.14 | Step Reward: -0.312|Distance Gripper to Object:  0.089 | Distance Object to Target: 0.231|
Done: False|Global Step: 130200|Training: True
[Episode 660] Reward: -59.28 | Avg(50): -59.03 | Step Reward: -0.298|Distance Gripper to Object:  0.103 | Distance Object to Target: 0.208|
Done: False|Global Step: 132200|Training: True
[Episode 670] Reward: -57.02 | Avg(50): -58.79 | Step Reward: -0.287|Distance Gripper to Object:  0.072 | Distance Object to Target: 0.200|
Done: False|Global Step: 134200|Training: True
[Episode 680] Reward: -57.51 | Avg(50): -58.93 | Step Reward: -0.289|Distance Gripper to Object:  0.099 | Distance Object to Target: 0.216|
Done: False|Global Step: 136200|Training: True
[Episode 690] Reward: -55.59 | Avg(50): -58.83 | Step Reward: -0.279|Distance Gripper to Object:  0.062 | Distance Object to Target: 0.215|
Done: False|Global Step: 138200|Training: True
[Episode 700] Reward: -64.14 | Avg(50): -58.51 | Step Reward: -0.322|Distance Gripper to Object:  0.093 | Distance Object to Target: 0.241|
Done: False|Global Step: 140200|Training: True
[Episode 710] Reward: -59.26 | Avg(50): -58.57 | Step Reward: -0.298|Distance Gripper to Object:  0.084 | Distance Object to Target: 0.225|
Done: False|Global Step: 142200|Training: True
[Episode 720] Reward: -55.35 | Avg(50): -58.67 | Step Reward: -0.278|Distance Gripper to Object:  0.057 | Distance Object to Target: 0.205|
Done: False|Global Step: 144200|Training: True
[Episode 730] Reward: -59.62 | Avg(50): -58.45 | Step Reward: -0.300|Distance Gripper to Object:  0.071 | Distance Object to Target: 0.203|
Done: False|Global Step: 146200|Training: True
[Episode 740] Reward: -57.71 | Avg(50): -58.30 | Step Reward: -0.290|Distance Gripper to Object:  0.068 | Distance Object to Target: 0.201|
Done: False|Global Step: 148200|Training: True
[Episode 750] Reward: -57.53 | Avg(50): -58.08 | Step Reward: -0.289|Distance Gripper to Object:  0.092 | Distance Object to Target: 0.221|
Done: False|Global Step: 150200|Training: True
[Episode 760] Reward: -56.51 | Avg(50): -58.01 | Step Reward: -0.284|Distance Gripper to Object:  0.069 | Distance Object to Target: 0.203|
Done: False|Global Step: 152200|Training: True
[Episode 770] Reward: -57.64 | Avg(50): -57.78 | Step Reward: -0.290|Distance Gripper to Object:  0.107 | Distance Object to Target: 0.207|
Done: False|Global Step: 154200|Training: True
[Episode 780] Reward: -57.29 | Avg(50): -57.78 | Step Reward: -0.288|Distance Gripper to Object:  0.062 | Distance Object to Target: 0.223|
Done: False|Global Step: 156200|Training: True
[Episode 790] Reward: -56.84 | Avg(50): -58.02 | Step Reward: -0.286|Distance Gripper to Object:  0.061 | Distance Object to Target: 0.205|
Done: False|Global Step: 158200|Training: True
[Episode 800] Reward: -57.18 | Avg(50): -58.27 | Step Reward: -0.287|Distance Gripper to Object:  0.082 | Distance Object to Target: 0.210|
Done: False|Global Step: 160200|Training: True
[Episode 810] Reward: -60.13 | Avg(50): -58.42 | Step Reward: -0.302|Distance Gripper to Object:  0.106 | Distance Object to Target: 0.221|
Done: False|Global Step: 162200|Training: True
[Episode 820] Reward: -59.64 | Avg(50): -58.73 | Step Reward: -0.300|Distance Gripper to Object:  0.091 | Distance Object to Target: 0.233|
Done: False|Global Step: 164200|Training: True
[Episode 830] Reward: -59.83 | Avg(50): -58.75 | Step Reward: -0.301|Distance Gripper to Object:  0.111 | Distance Object to Target: 0.245|
Done: False|Global Step: 166200|Training: True
[Episode 840] Reward: -59.42 | Avg(50): -58.76 | Step Reward: -0.299|Distance Gripper to Object:  0.051 | Distance Object to Target: 0.214|
Done: False|Global Step: 168200|Training: True
[Episode 850] Reward: -56.36 | Avg(50): -58.50 | Step Reward: -0.283|Distance Gripper to Object:  0.082 | Distance Object to Target: 0.204|
Done: False|Global Step: 170200|Training: True
